{
  "config": {
    "run_name": "exp1_1",
    "out_dir": "./results",
    "seed": 348208469,
    "device": null,
    "bs_train": 128,
    "bs_test": 32,
    "batches": 50,
    "epochs": 100,
    "early_stopping": 3,
    "checkpoints": null,
    "lr": 0.001,
    "reg": 0.001,
    "filters_per_layer": [
      32
    ],
    "pool_every": 4,
    "hidden_dims": [
      2048,
      100
    ],
    "model_type": "cnn",
    "conv_params": {
      "kernel_size": 3,
      "stride": [
        1,
        1
      ],
      "padding": [
        1,
        1
      ]
    },
    "activation_type": "relu",
    "activation_params": {},
    "pooling_type": "avg",
    "pooling_params": {
      "kernel_size": 2
    },
    "batchnorm": true,
    "dropout": 0.1,
    "kw": {},
    "layers_per_block": 2
  },
  "results": {
    "num_epochs": 4,
    "train_loss": [
      [
        2.301515579223633,
        2.318016290664673,
        2.2883644104003906,
        2.295419931411743,
        2.2821810245513916,
        2.278733730316162,
        2.2933175563812256,
        2.2834908962249756,
        2.2649588584899902,
        2.2248408794403076,
        2.2367947101593018,
        2.2352592945098877,
        2.2528939247131348,
        2.2091543674468994,
        2.2485013008117676,
        2.2364084720611572,
        2.206800937652588,
        2.21163010597229,
        2.166024923324585,
        2.1579127311706543,
        2.158151865005493,
        2.1334853172302246,
        2.138014554977417,
        2.1296494007110596,
        2.157703161239624,
        2.0606656074523926,
        2.098860740661621,
        2.0622951984405518,
        2.049525499343872,
        2.0171377658843994,
        2.099078416824341,
        2.0655345916748047,
        2.0303521156311035,
        2.0389394760131836,
        2.060654640197754,
        2.0281708240509033,
        2.0091941356658936,
        1.9943468570709229,
        1.9914069175720215,
        2.006626605987549,
        2.1475226879119873,
        1.9791715145111084,
        2.0199904441833496,
        1.983419418334961,
        1.939253568649292,
        2.0068917274475098,
        1.9329936504364014,
        2.0150978565216064,
        1.9498565196990967,
        1.929244875907898
      ],
      [
        1.9884607791900635,
        1.923929214477539,
        1.8974348306655884,
        1.9600828886032104,
        1.9472497701644897,
        1.9764782190322876,
        2.109924554824829,
        1.8865087032318115,
        1.8567216396331787,
        1.9362270832061768,
        1.9415931701660156,
        1.9258002042770386,
        1.9368244409561157,
        1.9718797206878662,
        2.0058774948120117,
        2.123241662979126,
        1.9256517887115479,
        1.9553574323654175,
        1.865387201309204,
        1.9142268896102905,
        1.9576971530914307,
        1.885276198387146,
        1.837221622467041,
        1.9487260580062866,
        2.0048506259918213,
        1.846191167831421,
        1.8842079639434814,
        1.8453645706176758,
        1.9366954565048218,
        1.776748538017273,
        1.9752105474472046,
        1.9242051839828491,
        1.8605681657791138,
        1.9820263385772705,
        1.8942137956619263,
        1.9217934608459473,
        1.7944674491882324,
        1.855079174041748,
        1.9230537414550781,
        1.9846421480178833,
        2.1257028579711914,
        1.8117588758468628,
        1.9106863737106323,
        1.8782802820205688,
        1.8695012331008911,
        1.8711273670196533,
        1.8220982551574707,
        1.8615010976791382,
        1.8233330249786377,
        1.8154889345169067
      ],
      [
        1.9021050930023193,
        1.8805755376815796,
        1.7402293682098389,
        1.852899193763733,
        1.8245468139648438,
        1.827492594718933,
        1.9184061288833618,
        1.7363227605819702,
        1.7673360109329224,
        1.8385165929794312,
        1.783893346786499,
        1.7665858268737793,
        1.8079867362976074,
        1.8738080263137817,
        1.8597623109817505,
        2.056891441345215,
        1.785376787185669,
        1.8469418287277222,
        1.753333330154419,
        1.843858242034912,
        1.841509222984314,
        1.8105857372283936,
        1.7384289503097534,
        1.8643816709518433,
        1.9360387325286865,
        1.7451095581054688,
        1.825482964515686,
        1.728587031364441,
        1.8552734851837158,
        1.658034086227417,
        1.9044263362884521,
        1.8272687196731567,
        1.7684415578842163,
        1.894268274307251,
        1.8056856393814087,
        1.8330215215682983,
        1.7110016345977783,
        1.7797245979309082,
        1.8728289604187012,
        1.9339783191680908,
        2.0400071144104004,
        1.7297803163528442,
        1.8394849300384521,
        1.7914959192276,
        1.7825576066970825,
        1.7633180618286133,
        1.7256300449371338,
        1.797513723373413,
        1.743246078491211,
        1.728540301322937
      ],
      [
        1.814987301826477,
        1.8033522367477417,
        1.6655337810516357,
        1.8136283159255981,
        1.752414584159851,
        1.7761567831039429,
        1.8385807275772095,
        1.6512799263000488,
        1.7127721309661865,
        1.7703006267547607,
        1.720861554145813,
        1.7034437656402588,
        1.7154839038848877,
        1.8108776807785034,
        1.7372127771377563,
        2.0046777725219727,
        1.7066644430160522,
        1.7743096351623535,
        1.6770777702331543,
        1.7949531078338623,
        1.767432451248169,
        1.757238745689392,
        1.6593012809753418,
        1.8089871406555176,
        1.8938671350479126,
        1.6751817464828491,
        1.7889251708984375,
        1.6614463329315186,
        1.8067967891693115,
        1.5846843719482422,
        1.8550291061401367,
        1.7508244514465332,
        1.7016431093215942,
        1.8350484371185303,
        1.744269847869873,
        1.745721697807312,
        1.6589046716690063,
        1.7450381517410278,
        1.828450322151184,
        1.8916584253311157,
        2.006798267364502,
        1.6771342754364014,
        1.791977882385254,
        1.726860761642456,
        1.723511815071106,
        1.7019519805908203,
        1.6666947603225708,
        1.7552741765975952,
        1.6859126091003418,
        1.6495749950408936
      ]
    ],
    "train_acc": [
      22.203125,
      31.328125,
      35.21875,
      37.109375
    ],