{
  "config": {
    "run_name": "exp1_1",
    "out_dir": "./results",
    "seed": 699356074,
    "device": null,
    "bs_train": 128,
    "bs_test": 32,
    "batches": 50,
    "epochs": 100,
    "early_stopping": 3,
    "checkpoints": null,
    "lr": 0.001,
    "reg": 0.001,
    "filters_per_layer": [
      32
    ],
    "pool_every": 4,
    "hidden_dims": [
      128,
      100
    ],
    "model_type": "cnn",
    "conv_params": {
      "kernel_size": 3,
      "stride": [
        1,
        1
      ],
      "padding": [
        1,
        1
      ]
    },
    "activation_type": "relu",
    "activation_params": {},
    "pooling_type": "avg",
    "pooling_params": {
      "kernel_size": 2
    },
    "batchnorm": true,
    "dropout": 0.1,
    "kw": {},
    "layers_per_block": 16
  },
  "results": {
    "num_epochs": 3,
    "train_loss": [
      [
        2.294320583343506,
        2.298776149749756,
        2.3033602237701416,
        2.3118345737457275,
        2.305305242538452,
        2.3024468421936035,
        2.3051249980926514,
        2.3070969581604004,
        2.298445701599121,
        2.3042502403259277,
        2.3125321865081787,
        2.308316946029663,
        2.299970865249634,
        2.305079221725464,
        2.3165690898895264,
        2.3077571392059326,
        2.310272693634033,
        2.299398899078369,
        2.309382200241089,
        2.302276611328125,
        2.2987115383148193,
        2.3048489093780518,
        2.2992045879364014,
        2.3037328720092773,
        2.3060145378112793,
        2.302060604095459,
        2.306009531021118,
        2.3074495792388916,
        2.295085906982422,
        2.3048715591430664,
        2.3044140338897705,
        2.301947593688965,
        2.303945541381836,
        2.3089544773101807,
        2.3040719032287598,
        2.30511212348938,
        2.2995362281799316,
        2.3021297454833984,
        2.304960250854492,
        2.3043229579925537,
        2.3006696701049805,
        2.2985317707061768,
        2.3009660243988037,
        2.303734064102173,
        2.300936460494995,
        2.303969144821167,
        2.302700996398926,
        2.304778575897217,
        2.30299711227417,
        2.305975914001465
      ],
      [
        2.303936243057251,
        2.3030476570129395,
        2.304075241088867,
        2.302598237991333,
        2.301206588745117,
        2.300100803375244,
        2.30395770072937,
        2.303994655609131,
        2.300718069076538,
        2.297314167022705,
        2.302482843399048,
        2.304081439971924,
        2.305682897567749,
        2.300126791000366,
        2.305399179458618,
        2.3033359050750732,
        2.3065545558929443,
        2.3020753860473633,
        2.3057215213775635,
        2.2997026443481445,
        2.3001108169555664,
        2.304922580718994,
        2.29890775680542,
        2.30210542678833,
        2.3034427165985107,
        2.300034999847412,
        2.303257465362549,
        2.3019659519195557,
        2.2951509952545166,
        2.304931640625,
        2.3024284839630127,
        2.3019328117370605,
        2.301408290863037,
        2.3032660484313965,
        2.3050591945648193,
        2.3068056106567383,
        2.299713134765625,
        2.3004555702209473,
        2.304694652557373,
        2.3043153285980225,
        2.3048033714294434,
        2.298534870147705,
        2.3001022338867188,
        2.3035478591918945,
        2.3000130653381348,
        2.304598808288574,
        2.300860643386841,
        2.305443048477173,
        2.301645517349243,
        2.3051319122314453
      ],
      [
        2.306675434112549,
        2.3057215213775635,
        2.30454683303833,
        2.3016855716705322,
        2.301520824432373,
        2.29913592338562,
        2.304844379425049,
        2.3031423091888428,
        2.301969528198242,
        2.296168088912964,
        2.3013970851898193,
        2.303476572036743,
        2.3065102100372314,
        2.300008773803711,
        2.303523063659668,
        2.3027942180633545,
        2.3059821128845215,
        2.302053213119507,
        2.3057146072387695,
        2.299462080001831,
        2.3009378910064697,
        2.304628372192383,
        2.2985661029815674,
        2.3015167713165283,
        2.30301833152771,
        2.2996978759765625,
        2.3031005859375,
        2.301145553588867,
        2.294785737991333,
        2.3048954010009766,
        2.3022186756134033,
        2.3019583225250244,
        2.3011233806610107,
        2.3031303882598877,
        2.3052308559417725,
        2.3069705963134766,
        2.299466371536255,
        2.300875186920166,
        2.30480694770813,
        2.304224729537964,
        2.3048927783966064,
        2.298746347427368,
        2.3000688552856445,
        2.3032288551330566,
        2.2999002933502197,
        2.3046875,
        2.3008322715759277,
        2.305227518081665,
        2.301436185836792,
        2.304809331893921
      ]
    ],
    "train_acc": [
      9.890625,
      9.921875,
      9.859375
    ],