{
  "config": {
    "run_name": "exp1_1",
    "out_dir": "./results",
    "seed": 219523951,
    "device": null,
    "bs_train": 128,
    "bs_test": 32,
    "batches": 50,
    "epochs": 100,
    "early_stopping": 3,
    "checkpoints": null,
    "lr": 0.001,
    "reg": 0.001,
    "filters_per_layer": [
      32
    ],
    "pool_every": 4,
    "hidden_dims": [
      2048,
      100
    ],
    "model_type": "cnn",
    "conv_params": {
      "kernel_size": 3,
      "stride": [
        1,
        1
      ],
      "padding": [
        1,
        1
      ]
    },
    "activation_type": "relu",
    "activation_params": {},
    "pooling_type": "avg",
    "pooling_params": {
      "kernel_size": 2
    },
    "batchnorm": true,
    "dropout": 0.1,
    "kw": {},
    "layers_per_block": 8
  },
  "results": {
    "num_epochs": 3,
    "train_loss": [
      [
        2.3080248832702637,
        2.30928373336792,
        2.303309917449951,
        2.311035633087158,
        2.3066024780273438,
        2.300123691558838,
        2.3056764602661133,
        2.2970643043518066,
        2.3099207878112793,
        2.3026130199432373,
        2.3045918941497803,
        2.301551103591919,
        2.301603317260742,
        2.3062591552734375,
        2.298909902572632,
        2.3034462928771973,
        2.301941156387329,
        2.3021605014801025,
        2.304293155670166,
        2.304283380508423,
        2.3076171875,
        2.300855875015259,
        2.2980427742004395,
        2.2986226081848145,
        2.305551767349243,
        2.3006649017333984,
        2.3009018898010254,
        2.2984886169433594,
        2.301548480987549,
        2.3046915531158447,
        2.3036370277404785,
        2.3012092113494873,
        2.297607421875,
        2.306992530822754,
        2.3030614852905273,
        2.307483196258545,
        2.301602840423584,
        2.3067283630371094,
        2.3033297061920166,
        2.3049495220184326,
        2.3045196533203125,
        2.305382251739502,
        2.3046441078186035,
        2.302063465118408,
        2.299445152282715,
        2.3067777156829834,
        2.3037121295928955,
        2.3033573627471924,
        2.3034512996673584,
        2.3009965419769287
      ],
      [
        2.3058810234069824,
        2.3079426288604736,
        2.3032822608947754,
        2.3030447959899902,
        2.3043625354766846,
        2.298017978668213,
        2.3058435916900635,
        2.300602674484253,
        2.306269884109497,
        2.298088788986206,
        2.3007216453552246,
        2.3024463653564453,
        2.3051042556762695,
        2.301685094833374,
        2.3015122413635254,
        2.3040757179260254,
        2.305344343185425,
        2.301945209503174,
        2.305290460586548,
        2.3009228706359863,
        2.3038878440856934,
        2.3031911849975586,
        2.297452449798584,
        2.3006083965301514,
        2.30440354347229,
        2.299736976623535,
        2.301696538925171,
        2.2988698482513428,
        2.2986373901367188,
        2.304271697998047,
        2.30239200592041,
        2.3014464378356934,
        2.298492908477783,
        2.3041868209838867,
        2.3039050102233887,
        2.3076837062835693,
        2.3007547855377197,
        2.3039803504943848,
        2.3035426139831543,
        2.3047099113464355,
        2.304896593093872,
        2.302617311477661,
        2.302816390991211,
        2.30260968208313,
        2.299417734146118,
        2.3059442043304443,
        2.3019092082977295,
        2.3041317462921143,
        2.3018226623535156,
        2.3025245666503906
      ],
      [
        2.3072590827941895,
        2.307987689971924,
        2.304489850997925,
        2.3018007278442383,
        2.302809476852417,
        2.2987043857574463,
        2.305223226547241,
        2.3010075092315674,
        2.305438756942749,
        2.297506809234619,
        2.299626111984253,
        2.3020777702331543,
        2.3072173595428467,
        2.300218105316162,
        2.2997841835021973,
        2.3031468391418457,
        2.304738759994507,
        2.302110433578491,
        2.3053884506225586,
        2.299736976623535,
        2.3035082817077637,
        2.3028318881988525,
        2.2977757453918457,
        2.301011562347412,
        2.303537368774414,
        2.2992870807647705,
        2.3018407821655273,
        2.2987403869628906,
        2.2972326278686523,
        2.3043251037597656,
        2.3025543689727783,
        2.3016321659088135,
        2.298833131790161,
        2.3038339614868164,
        2.3044791221618652,
        2.308321952819824,
        2.3002376556396484,
        2.3028953075408936,
        2.304050922393799,
        2.3041932582855225,
        2.305522918701172,
        2.301849842071533,
        2.3014276027679443,
        2.302614212036133,
        2.2993428707122803,
        2.3060126304626465,
        2.301764488220215,
        2.3043267726898193,
        2.301316261291504,
        2.3033745288848877
      ]
    ],
    "train_acc": [
      10.1875,
      9.640625,
      9.671875
    ],