{
  "config": {
    "run_name": "exp1_1",
    "out_dir": "./results",
    "seed": 774064486,
    "device": null,
    "bs_train": 128,
    "bs_test": 32,
    "batches": 50,
    "epochs": 100,
    "early_stopping": 3,
    "checkpoints": null,
    "lr": 0.001,
    "reg": 0.001,
    "filters_per_layer": [
      32
    ],
    "pool_every": 4,
    "hidden_dims": [
      8192,
      100
    ],
    "model_type": "cnn",
    "conv_params": {
      "kernel_size": 3,
      "stride": [
        1,
        1
      ],
      "padding": [
        1,
        1
      ]
    },
    "activation_type": "relu",
    "activation_params": {},
    "pooling_type": "avg",
    "pooling_params": {
      "kernel_size": 2
    },
    "batchnorm": true,
    "dropout": 0.1,
    "kw": {},
    "layers_per_block": 4
  },
  "results": {
    "num_epochs": 4,
    "train_loss": [
      [
        2.311264753341675,
        2.3035900592803955,
        2.2944271564483643,
        2.3023111820220947,
        2.2857160568237305,
        2.2914860248565674,
        2.291745185852051,
        2.2709548473358154,
        2.2545650005340576,
        2.2311058044433594,
        2.208868980407715,
        2.192070722579956,
        2.1564111709594727,
        2.1304073333740234,
        2.1716156005859375,
        2.255638599395752,
        2.0565245151519775,
        2.0916836261749268,
        2.036663055419922,
        2.0096843242645264,
        2.1286115646362305,
        1.98733651638031,
        1.9202345609664917,
        2.0681076049804688,
        2.0752949714660645,
        1.9383678436279297,
        2.0383753776550293,
        1.9552549123764038,
        1.9764190912246704,
        1.813835620880127,
        2.066587209701538,
        1.9536495208740234,
        1.9378092288970947,
        1.8971349000930786,
        1.9435808658599854,
        1.9462389945983887,
        1.9402493238449097,
        1.952099084854126,
        1.8912947177886963,
        1.9600021839141846,
        2.0207571983337402,
        1.9141687154769897,
        1.8736625909805298,
        1.8634291887283325,
        1.9064958095550537,
        1.9062961339950562,
        1.7956593036651611,
        1.8853154182434082,
        1.803079605102539,
        1.8472952842712402
      ],
      [
        1.8527512550354004,
        1.838916301727295,
        1.7049736976623535,
        1.9190880060195923,
        1.8051326274871826,
        1.7715811729431152,
        1.8992958068847656,
        1.6924396753311157,
        1.842091679573059,
        1.82329261302948,
        1.7537453174591064,
        1.8065143823623657,
        1.6991815567016602,
        1.8445301055908203,
        1.6862280368804932,
        1.9853147268295288,
        1.6775223016738892,
        1.7993687391281128,
        1.6708569526672363,
        1.7254328727722168,
        1.7880619764328003,
        1.7398589849472046,
        1.5933504104614258,
        1.675970196723938,
        1.9077789783477783,
        1.6603760719299316,
        1.8388049602508545,
        1.5147762298583984,
        1.7295902967453003,
        1.5066533088684082,
        1.7554805278778076,
        1.7359261512756348,
        1.6381584405899048,
        1.7759367227554321,
        1.6954039335250854,
        1.6358468532562256,
        1.770674705505371,
        1.8310450315475464,
        1.7376022338867188,
        1.8027279376983643,
        1.9438759088516235,
        1.7190989255905151,
        1.712695837020874,
        1.5849295854568481,
        1.74176824092865,
        1.7427425384521484,
        1.5808120965957642,
        1.6711928844451904,
        1.5602686405181885,
        1.6201162338256836
      ],
      [
        1.6607574224472046,
        1.621530532836914,
        1.5126309394836426,
        1.649722695350647,
        1.6469932794570923,
        1.7183880805969238,
        1.6789742708206177,
        1.4816064834594727,
        1.6480112075805664,
        1.6603163480758667,
        1.5521695613861084,
        1.5813014507293701,
        1.5019075870513916,
        1.6334490776062012,
        1.466231346130371,
        1.757205605506897,
        1.4909515380859375,
        1.5632333755493164,
        1.5697873830795288,
        1.5871782302856445,
        1.5509551763534546,
        1.693771243095398,
        1.425524353981018,
        1.567086100578308,
        1.7784382104873657,
        1.4574564695358276,
        1.693000316619873,
        1.3823789358139038,
        1.5256823301315308,
        1.3478913307189941,
        1.6325024366378784,
        1.546289086341858,
        1.5350366830825806,
        1.4681072235107422,
        1.4981361627578735,
        1.537315845489502,
        1.4399738311767578,
        1.641239047050476,
        1.6471590995788574,
        1.6580814123153687,
        1.790981650352478,
        1.5209643840789795,
        1.605582356452942,
        1.492063283920288,
        1.567606806755066,
        1.5349693298339844,
        1.38729727268219,
        1.6096805334091187,
        1.4720096588134766,
        1.4109692573547363
      ],
      [
        1.5217697620391846,
        1.4388459920883179,
        1.4496231079101562,
        1.6523348093032837,
        1.5205076932907104,
        1.5152450799942017,
        1.585669755935669,
        1.3907709121704102,
        1.5418940782546997,
        1.4762829542160034,
        1.4179538488388062,
        1.4786906242370605,
        1.3792626857757568,
        1.5391162633895874,
        1.2949713468551636,
        1.677138328552246,
        1.368213415145874,
        1.4370911121368408,
        1.436220645904541,
        1.4714021682739258,
        1.4393864870071411,
        1.5818803310394287,
        1.3281193971633911,
        1.4741911888122559,
        1.6850812435150146,
        1.3733789920806885,
        1.5984526872634888,
        1.2703125476837158,
        1.4035190343856812,
        1.233449935913086,
        1.494483470916748,
        1.4699336290359497,
        1.4489545822143555,
        1.3623921871185303,
        1.3764164447784424,
        1.4704194068908691,
        1.3564972877502441,
        1.5488239526748657,
        1.5221573114395142,
        1.5331600904464722,
        1.7214469909667969,
        1.386714220046997,
        1.4920599460601807,
        1.374494194984436,
        1.53097403049469,
        1.4764906167984009,
        1.3199713230133057,
        1.4956464767456055,
        1.3885254859924316,
        1.3159555196762085
      ]
    ],
    "train_acc": [
      25.1875,
      37.53125,
      43.71875,
      48.40625
    ],