{
  "config": {
    "run_name": "exp1_1",
    "out_dir": "./results",
    "seed": 463059113,
    "device": null,
    "bs_train": 128,
    "bs_test": 32,
    "batches": 50,
    "epochs": 100,
    "early_stopping": 3,
    "checkpoints": null,
    "lr": 0.001,
    "reg": 0.001,
    "filters_per_layer": [
      64
    ],
    "pool_every": 4,
    "hidden_dims": [
      256,
      100
    ],
    "model_type": "resnet",
    "conv_params": {
      "kernel_size": 3,
      "stride": [
        1,
        1
      ],
      "padding": 1
    },
    "activation_type": "relu",
    "activation_params": {},
    "pooling_type": "avg",
    "pooling_params": {
      "kernel_size": 2
    },
    "batchnorm": true,
    "dropout": 0.1,
    "kw": {},
    "layers_per_block": 16
  },
  "results": {
    "num_epochs": 3,
    "train_loss": [
      [
        2.3077540397644043,
        2.3137500286102295,
        2.3134005069732666,
        2.2784316539764404,
        2.2240824699401855,
        2.229670763015747,
        2.244828462600708,
        2.2133584022521973,
        2.1698226928710938,
        2.13438081741333,
        2.1019718647003174,
        2.140838384628296,
        2.132779598236084,
        2.099806785583496,
        2.2239527702331543,
        2.218369483947754,
        2.0700879096984863,
        2.1164722442626953,
        2.049424648284912,
        2.067106008529663,
        2.060239553451538,
        2.00675630569458,
        2.0485122203826904,
        2.0626778602600098,
        2.0055184364318848,
        1.9619699716567993,
        2.090102195739746,
        2.0193915367126465,
        2.0025227069854736,
        1.8937145471572876,
        2.025391101837158,
        2.0167436599731445,
        1.9473528861999512,
        1.918597936630249,
        1.9010231494903564,
        1.9922316074371338,
        1.8880468606948853,
        1.968556523323059,
        1.9673643112182617,
        1.9367179870605469,
        2.0920357704162598,
        1.9320870637893677,
        1.985325574874878,
        1.8049750328063965,
        1.9028373956680298,
        1.9151349067687988,
        1.8396146297454834,
        1.8929080963134766,
        1.897592306137085,
        1.7766876220703125
      ],
      [
        1.954110026359558,
        1.8450708389282227,
        1.7188645601272583,
        1.8832286596298218,
        1.8579065799713135,
        1.8154006004333496,
        1.8481866121292114,
        1.855090856552124,
        1.6911176443099976,
        1.7942264080047607,
        1.825092077255249,
        1.7755768299102783,
        1.7055941820144653,
        1.8178293704986572,
        1.7945761680603027,
        1.9852311611175537,
        1.728232502937317,
        1.824519157409668,
        1.842950701713562,
        1.6653138399124146,
        1.8896236419677734,
        1.8312937021255493,
        1.7012362480163574,
        1.7846901416778564,
        1.9811309576034546,
        1.7457324266433716,
        1.8918763399124146,
        1.732485055923462,
        1.7780957221984863,
        1.6502314805984497,
        1.882041335105896,
        1.8158036470413208,
        1.6905852556228638,
        1.752252459526062,
        1.660590410232544,
        1.7901333570480347,
        1.6404492855072021,
        1.802346110343933,
        1.7967936992645264,
        1.7879772186279297,
        1.9223254919052124,
        1.7247661352157593,
        1.7858096361160278,
        1.549704909324646,
        1.7980403900146484,
        1.6760597229003906,
        1.6749885082244873,
        1.7315055131912231,
        1.6514893770217896,
        1.579508662223816
      ],
      [
        1.7646275758743286,
        1.730924129486084,
        1.6486274003982544,
        1.6987347602844238,
        1.7099207639694214,
        1.7292121648788452,
        1.7522614002227783,
        1.6320600509643555,
        1.6303004026412964,
        1.6513946056365967,
        1.6881927251815796,
        1.6767569780349731,
        1.6668580770492554,
        1.6702378988265991,
        1.6058489084243774,
        1.7924760580062866,
        1.625137448310852,
        1.7673147916793823,
        1.6716406345367432,
        1.6457960605621338,
        1.71779203414917,
        1.7038837671279907,
        1.512072205543518,
        1.6845276355743408,
        1.792997121810913,
        1.5557467937469482,
        1.7486573457717896,
        1.5920143127441406,
        1.6272728443145752,
        1.6631762981414795,
        1.7226147651672363,
        1.726068377494812,
        1.5359687805175781,
        1.5881214141845703,
        1.428276777267456,
        1.6597399711608887,
        1.5122551918029785,
        1.6734672784805298,
        1.7752097845077515,
        1.6920418739318848,
        1.7376474142074585,
        1.640536904335022,
        1.640712857246399,
        1.492416501045227,
        1.7573955059051514,
        1.594496250152588,
        1.5842764377593994,
        1.6619089841842651,
        1.5444549322128296,
        1.474295973777771
      ]
    ],
    "train_acc": [
      23.171875,
      33.359375,
      38.359375
    ],