{
  "config": {
    "run_name": "exp1_1",
    "out_dir": "./results",
    "seed": 190133811,
    "device": null,
    "bs_train": 128,
    "bs_test": 32,
    "batches": 50,
    "epochs": 100,
    "early_stopping": 3,
    "checkpoints": null,
    "lr": 0.001,
    "reg": 0.001,
    "filters_per_layer": [
      64
    ],
    "pool_every": 4,
    "hidden_dims": [
      4096,
      100
    ],
    "model_type": "cnn",
    "conv_params": {
      "kernel_size": 3,
      "stride": [
        1,
        1
      ],
      "padding": [
        1,
        1
      ]
    },
    "activation_type": "relu",
    "activation_params": {},
    "pooling_type": "avg",
    "pooling_params": {
      "kernel_size": 2
    },
    "batchnorm": true,
    "dropout": 0.1,
    "kw": {},
    "layers_per_block": 8
  },
  "results": {
    "num_epochs": 5,
    "train_loss": [
      [
        2.297203302383423,
        2.3096323013305664,
        2.2992398738861084,
        2.3075432777404785,
        2.3039474487304688,
        2.3013346195220947,
        2.306868076324463,
        2.303227186203003,
        2.3033928871154785,
        2.2997095584869385,
        2.3012783527374268,
        2.3048653602600098,
        2.3023011684417725,
        2.302119255065918,
        2.3058037757873535,
        2.305413246154785,
        2.305802822113037,
        2.30037784576416,
        2.3035225868225098,
        2.295944929122925,
        2.300496816635132,
        2.2832374572753906,
        2.3117270469665527,
        2.2887988090515137,
        2.2922780513763428,
        2.278383493423462,
        2.2770302295684814,
        2.2668490409851074,
        2.2271981239318848,
        2.301853895187378,
        2.203024387359619,
        2.2100558280944824,
        2.2216193675994873,
        2.1689858436584473,
        2.225212812423706,
        2.123919725418091,
        2.1166889667510986,
        2.225788116455078,
        2.0813331604003906,
        2.1505889892578125,
        2.229522228240967,
        2.200744152069092,
        2.200178861618042,
        2.1392276287078857,
        2.045638084411621,
        2.2025485038757324,
        2.019881010055542,
        2.0521020889282227,
        2.0595037937164307,
        2.0108330249786377
      ],
      [
        2.0880510807037354,
        2.075472354888916,
        1.9024876356124878,
        1.9479751586914062,
        1.9765832424163818,
        2.0123987197875977,
        2.129664182662964,
        1.9123927354812622,
        1.9415291547775269,
        1.9695649147033691,
        1.9898532629013062,
        1.985087275505066,
        2.038743019104004,
        2.0252788066864014,
        2.030979633331299,
        2.1699135303497314,
        2.006279230117798,
        2.0176689624786377,
        1.9888901710510254,
        1.9525258541107178,
        1.9816173315048218,
        1.9742059707641602,
        1.854110836982727,
        1.9533745050430298,
        2.0722296237945557,
        1.8812376260757446,
        2.0706632137298584,
        1.8896188735961914,
        1.9514312744140625,
        1.7926740646362305,
        2.0321943759918213,
        1.9335559606552124,
        1.945293664932251,
        1.9197375774383545,
        1.9424833059310913,
        1.960808277130127,
        1.9036260843276978,
        1.9803225994110107,
        1.8927767276763916,
        1.9572330713272095,
        1.988490104675293,
        1.9409419298171997,
        1.939551830291748,
        1.96243417263031,
        1.9154759645462036,
        1.9313311576843262,
        1.885268211364746,
        1.9425872564315796,
        1.8585803508758545,
        1.8653639554977417
      ],
      [
        1.9860485792160034,
        1.9555891752243042,
        1.891574740409851,
        1.8528368473052979,
        1.805050253868103,
        1.987014889717102,
        2.029306650161743,
        1.7929140329360962,
        1.9651588201522827,
        1.9713125228881836,
        1.9521596431732178,
        1.9117740392684937,
        1.8926273584365845,
        1.9653785228729248,
        1.942002296447754,
        2.2052724361419678,
        1.8780710697174072,
        1.9204498529434204,
        1.9307018518447876,
        1.8719984292984009,
        1.9018659591674805,
        1.9298309087753296,
        1.7912381887435913,
        1.9370068311691284,
        1.9448835849761963,
        1.7751784324645996,
        2.0012176036834717,
        1.7558788061141968,
        1.8662062883377075,
        1.6549032926559448,
        1.9466673135757446,
        1.8980237245559692,
        1.907702922821045,
        1.8545656204223633,
        1.858375906944275,
        1.868486762046814,
        1.7996635437011719,
        1.9426099061965942,
        1.8173445463180542,
        1.9106085300445557,
        2.0011789798736572,
        1.8233634233474731,
        1.9059319496154785,
        1.85890531539917,
        1.866105079650879,
        1.8754298686981201,
        1.7726596593856812,
        1.8807655572891235,
        1.7657421827316284,
        1.7883144617080688
      ],
      [
        1.8349554538726807,
        1.8308136463165283,
        1.7055038213729858,
        1.7969114780426025,
        1.7594757080078125,
        1.823252558708191,
        1.9710297584533691,
        1.7257708311080933,
        1.901133418083191,
        1.9046975374221802,
        1.9193733930587769,
        1.8245066404342651,
        1.7934932708740234,
        1.9049973487854004,
        1.8214293718338013,
        2.118978977203369,
        1.7557017803192139,
        1.8394848108291626,
        1.862072229385376,
        1.7778817415237427,
        1.7770576477050781,
        1.8506537675857544,
        1.6802523136138916,
        1.8549351692199707,
        1.8753618001937866,
        1.6192095279693604,
        1.9528638124465942,
        1.6412659883499146,
        1.7542016506195068,
        1.5709081888198853,
        1.813167929649353,
        1.8229526281356812,
        1.8718661069869995,
        1.753932237625122,
        1.7488585710525513,
        1.7824586629867554,
        1.6866799592971802,
        1.833126187324524,
        1.746204137802124,
        1.8423755168914795,
        1.915051817893982,
        1.7734614610671997,
        1.7539373636245728,
        1.757793664932251,
        1.7976877689361572,
        1.8047945499420166,
        1.6282763481140137,
        1.8348296880722046,
        1.636707067489624,
        1.677178978919983
      ],
      [
        1.7333101034164429,
        1.7060024738311768,
        1.5639474391937256,
        1.6798481941223145,
        1.6927247047424316,
        1.7809853553771973,
        1.8537933826446533,
        1.5931239128112793,
        1.806329369544983,
        1.8138412237167358,
        1.7657493352890015,
        1.7072323560714722,
        1.7530548572540283,
        1.8279625177383423,
        1.6527915000915527,
        1.9782687425613403,
        1.6315674781799316,
        1.7020041942596436,
        1.8053452968597412,
        1.670619010925293,
        1.66825532913208,
        1.7583881616592407,
        1.5517140626907349,
        1.721015214920044,
        1.8027054071426392,
        1.560139775276184,
        1.903275489807129,
        1.550504446029663,
        1.6697533130645752,
        1.514191746711731,
        1.740714430809021,
        1.7175498008728027,
        1.8650422096252441,
        1.639896273612976,
        1.625133752822876,
        1.7369297742843628,
        1.5896276235580444,
        1.7242859601974487,
        1.6506984233856201,
        1.7543588876724243,
        1.825785756111145,
        1.8146378993988037,
        1.6785786151885986,
        1.6506801843643188,
        1.7380547523498535,
        1.7860796451568604,
        1.484123706817627,
        1.763848066329956,
        1.600515604019165,
        1.6085712909698486
      ]
    ],
    "train_acc": [
      14.8125,
      27.453125,
      30.578125,
      34.640625,
      38.59375
    ],