{
  "config": {
    "run_name": "exp1_1",
    "out_dir": "./results",
    "seed": 846798252,
    "device": null,
    "bs_train": 128,
    "bs_test": 32,
    "batches": 50,
    "epochs": 100,
    "early_stopping": 3,
    "checkpoints": null,
    "lr": 0.001,
    "reg": 0.001,
    "filters_per_layer": [
      64
    ],
    "pool_every": 4,
    "hidden_dims": [
      65536,
      100
    ],
    "model_type": "resnet",
    "conv_params": {
      "kernel_size": 3,
      "stride": [
        1,
        1
      ],
      "padding": 1
    },
    "activation_type": "relu",
    "activation_params": {},
    "pooling_type": "avg",
    "pooling_params": {
      "kernel_size": 2
    },
    "batchnorm": true,
    "dropout": 0.1,
    "kw": {},
    "layers_per_block": 2
  },
  "results": {
    "num_epochs": 5,
    "train_loss": [
      [
        2.310319662094116,
        11.162299156188965,
        6.313225269317627,
        3.230077028274536,
        2.469431161880493,
        2.284148693084717,
        2.322603702545166,
        2.293677568435669,
        2.29553484916687,
        2.3039944171905518,
        2.307508707046509,
        2.302687644958496,
        2.2918667793273926,
        2.3037073612213135,
        2.2953808307647705,
        2.3061001300811768,
        2.2986466884613037,
        2.3003790378570557,
        2.3027329444885254,
        2.3050384521484375,
        2.307781934738159,
        2.3065261840820312,
        2.304986000061035,
        2.30753231048584,
        2.304443120956421,
        2.303051710128784,
        2.3083372116088867,
        2.299312114715576,
        2.302119255065918,
        2.2971014976501465,
        2.3012728691101074,
        2.3056137561798096,
        2.298007011413574,
        2.3005542755126953,
        2.300997257232666,
        2.310941457748413,
        2.3047192096710205,
        2.3070199489593506,
        2.3035712242126465,
        2.296098232269287,
        2.2955245971679688,
        2.306246280670166,
        2.3028762340545654,
        2.301224708557129,
        2.308466911315918,
        2.2991597652435303,
        2.2990994453430176,
        2.301589012145996,
        2.2924797534942627,
        2.2923991680145264
      ],
      [
        2.2933390140533447,
        2.2962541580200195,
        2.2881178855895996,
        2.28645920753479,
        2.2852439880371094,
        2.2802932262420654,
        2.290225028991699,
        2.299064874649048,
        2.2750253677368164,
        2.2567126750946045,
        2.272169828414917,
        2.2423789501190186,
        2.260073184967041,
        2.234949827194214,
        2.31146502494812,
        2.2544400691986084,
        2.2466092109680176,
        2.2918806076049805,
        2.1845309734344482,
        2.1798856258392334,
        2.183161497116089,
        2.1719772815704346,
        2.175473690032959,
        2.228565216064453,
        2.1942451000213623,
        2.156527519226074,
        2.1804733276367188,
        2.1713931560516357,
        2.1674041748046875,
        2.2088658809661865,
        2.1585516929626465,
        2.1979002952575684,
        2.118411064147949,
        2.149655818939209,
        2.073817253112793,
        2.182124137878418,
        2.019101142883301,
        2.0465281009674072,
        2.1513242721557617,
        2.1041107177734375,
        2.2090370655059814,
        1.9939581155776978,
        1.975797414779663,
        1.9563881158828735,
        2.000796318054199,
        2.0276989936828613,
        1.8720815181732178,
        1.9692641496658325,
        1.9418600797653198,
        1.913464069366455
      ],
      [
        1.969664216041565,
        1.9260685443878174,
        1.9730069637298584,
        2.0242297649383545,
        1.9169272184371948,
        1.8903963565826416,
        2.0576512813568115,
        1.999809980392456,
        1.8304523229599,
        1.9155733585357666,
        1.939858078956604,
        1.891909122467041,
        1.9208029508590698,
        1.939719557762146,
        1.8417571783065796,
        2.0832481384277344,
        1.854599952697754,
        1.9324535131454468,
        1.8407843112945557,
        1.845744252204895,
        1.9679560661315918,
        1.9743643999099731,
        1.7731207609176636,
        1.8957308530807495,
        1.9905385971069336,
        1.7581658363342285,
        2.011720895767212,
        1.7942278385162354,
        1.856994390487671,
        1.6842083930969238,
        1.9275177717208862,
        1.8577475547790527,
        1.9067062139511108,
        1.8709691762924194,
        1.8804800510406494,
        1.8698749542236328,
        1.7673392295837402,
        1.8692505359649658,
        1.903707504272461,
        1.9370534420013428,
        1.963855504989624,
        1.83026921749115,
        1.7989851236343384,
        1.7251791954040527,
        1.8188556432724,
        1.8189879655838013,
        1.696351408958435,
        1.804560899734497,
        1.6922531127929688,
        1.7629613876342773
      ],
      [
        1.8207368850708008,
        1.767311453819275,
        1.7638400793075562,
        1.8462227582931519,
        1.7222896814346313,
        1.767433762550354,
        1.939264178276062,
        1.8033900260925293,
        1.6923161745071411,
        1.7954847812652588,
        1.7176668643951416,
        1.7621711492538452,
        1.7009861469268799,
        1.7623554468154907,
        1.679218053817749,
        1.9396883249282837,
        1.734713077545166,
        1.7786328792572021,
        1.722411036491394,
        1.7326948642730713,
        1.7650090456008911,
        1.809126377105713,
        1.5962040424346924,
        1.8075761795043945,
        1.9214388132095337,
        1.5869895219802856,
        1.824711561203003,
        1.6614562273025513,
        1.7169487476348877,
        1.527879238128662,
        1.8557679653167725,
        1.7505444288253784,
        1.7945821285247803,
        1.780594825744629,
        1.7414228916168213,
        1.7948673963546753,
        1.6411482095718384,
        1.7684751749038696,
        1.8157232999801636,
        1.8361148834228516,
        1.8913730382919312,
        1.7177504301071167,
        1.6749989986419678,
        1.6055421829223633,
        1.7418420314788818,
        1.7707198858261108,
        1.623177409172058,
        1.7033787965774536,
        1.5871334075927734,
        1.6642307043075562
      ],
      [
        1.7203155755996704,
        1.7216098308563232,
        1.5851095914840698,
        1.7189995050430298,
        1.5944057703018188,
        1.7243425846099854,
        1.8497785329818726,
        1.6418607234954834,
        1.5875980854034424,
        1.6810370683670044,
        1.6295160055160522,
        1.64907968044281,
        1.6322158575057983,
        1.6993739604949951,
        1.6015236377716064,
        1.855845332145691,
        1.6054843664169312,
        1.6769583225250244,
        1.6499712467193604,
        1.608999252319336,
        1.666610598564148,
        1.676911473274231,
        1.513296365737915,
        1.7366547584533691,
        1.8252156972885132,
        1.5216223001480103,
        1.7257781028747559,
        1.5586060285568237,
        1.6228634119033813,
        1.4355106353759766,
        1.761365294456482,
        1.6442333459854126,
        1.70424485206604,
        1.7416784763336182,
        1.6349287033081055,
        1.5977928638458252,
        1.5900404453277588,
        1.6594055891036987,
        1.7425721883773804,
        1.7678660154342651,
        1.8200194835662842,
        1.6922942399978638,
        1.6052207946777344,
        1.5528801679611206,
        1.677871823310852,
        1.7276818752288818,
        1.5049315690994263,
        1.6216809749603271,
        1.5284336805343628,
        1.5561808347702026
      ]
    ],
    "train_acc": [
      10.796875,
      20.640625,
      33.28125,
      37.6875,
      41.359375
    ],