{
  "config": {
    "run_name": "exp1_1",
    "out_dir": "./results",
    "seed": 643309870,
    "device": null,
    "bs_train": 128,
    "bs_test": 32,
    "batches": 50,
    "epochs": 100,
    "early_stopping": 3,
    "checkpoints": null,
    "lr": 0.001,
    "reg": 0.001,
    "filters_per_layer": [
      32
    ],
    "pool_every": 4,
    "hidden_dims": [
      32768,
      100
    ],
    "model_type": "resnet",
    "conv_params": {
      "kernel_size": 3,
      "stride": [
        1,
        1
      ],
      "padding": 1
    },
    "activation_type": "relu",
    "activation_params": {},
    "pooling_type": "avg",
    "pooling_params": {
      "kernel_size": 2
    },
    "batchnorm": true,
    "dropout": 0.1,
    "kw": {},
    "layers_per_block": 2
  },
  "results": {
    "num_epochs": 5,
    "train_loss": [
      [
        2.3151590824127197,
        5.752923011779785,
        3.2162959575653076,
        2.623356342315674,
        2.4014475345611572,
        2.468902826309204,
        2.2824645042419434,
        2.304964542388916,
        2.29773211479187,
        2.2990148067474365,
        2.2913568019866943,
        2.2752647399902344,
        2.2955658435821533,
        2.279301881790161,
        2.2780158519744873,
        2.2875049114227295,
        2.2816660404205322,
        2.301089286804199,
        2.2723476886749268,
        2.2894644737243652,
        2.2876791954040527,
        2.2884833812713623,
        2.3001222610473633,
        2.268279790878296,
        2.275763988494873,
        2.283374309539795,
        2.2726187705993652,
        2.27510666847229,
        2.273545742034912,
        2.2568843364715576,
        2.26420259475708,
        2.2431418895721436,
        2.2546141147613525,
        2.220735549926758,
        2.238988161087036,
        2.2633163928985596,
        2.202347755432129,
        2.1537041664123535,
        2.1632113456726074,
        2.1668803691864014,
        2.232057571411133,
        2.0658693313598633,
        2.1389453411102295,
        2.155409812927246,
        2.032907485961914,
        2.152777671813965,
        1.9566295146942139,
        2.1267247200012207,
        2.044909715652466,
        2.0248935222625732
      ],
      [
        2.063204526901245,
        2.0021796226501465,
        2.0212996006011963,
        1.9973467588424683,
        1.9375815391540527,
        1.9407635927200317,
        2.1728992462158203,
        1.9320567846298218,
        1.9711265563964844,
        1.878462314605713,
        1.8421138525009155,
        1.9080545902252197,
        1.9267443418502808,
        1.900106430053711,
        1.8280315399169922,
        2.1140975952148438,
        1.8728523254394531,
        1.9413682222366333,
        1.863534688949585,
        1.8602532148361206,
        2.0161123275756836,
        1.8205074071884155,
        1.7759596109390259,
        1.867253303527832,
        2.0125625133514404,
        1.8059285879135132,
        2.010460376739502,
        1.8193196058273315,
        1.8328932523727417,
        1.7028032541275024,
        1.9627034664154053,
        1.8351377248764038,
        1.8012099266052246,
        1.8976370096206665,
        1.8386127948760986,
        1.8402645587921143,
        1.7064396142959595,
        1.7617671489715576,
        1.8714072704315186,
        1.8675228357315063,
        1.9343470335006714,
        1.676612377166748,
        1.7742676734924316,
        1.640960693359375,
        1.7134730815887451,
        1.7386913299560547,
        1.622533917427063,
        1.722956657409668,
        1.6567567586898804,
        1.6518949270248413
      ],
      [
        1.6710864305496216,
        1.6549097299575806,
        1.576818823814392,
        1.7667735815048218,
        1.6462124586105347,
        1.7022303342819214,
        1.7749568223953247,
        1.6505717039108276,
        1.5758872032165527,
        1.6038973331451416,
        1.6541703939437866,
        1.6399503946304321,
        1.6013972759246826,
        1.6599124670028687,
        1.5163068771362305,
        1.8470615148544312,
        1.5429661273956299,
        1.6244899034500122,
        1.5502500534057617,
        1.664878487586975,
        1.625889778137207,
        1.5936603546142578,
        1.5261420011520386,
        1.6278828382492065,
        1.7490991353988647,
        1.4776860475540161,
        1.6954212188720703,
        1.3687816858291626,
        1.6035046577453613,
        1.4564554691314697,
        1.6648974418640137,
        1.6148897409439087,
        1.6318557262420654,
        1.575907826423645,
        1.5132429599761963,
        1.5719480514526367,
        1.4307498931884766,
        1.6320233345031738,
        1.6124242544174194,
        1.6616911888122559,
        1.7529430389404297,
        1.481322169303894,
        1.5685540437698364,
        1.3632999658584595,
        1.4477845430374146,
        1.5579829216003418,
        1.4520639181137085,
        1.4806233644485474,
        1.423708200454712,
        1.365283489227295
      ],
      [
        1.4373595714569092,
        1.394731879234314,
        1.4077377319335938,
        1.432319164276123,
        1.3921350240707397,
        1.5054413080215454,
        1.5109481811523438,
        1.4094915390014648,
        1.2912360429763794,
        1.3627344369888306,
        1.4645107984542847,
        1.4644126892089844,
        1.3443526029586792,
        1.3937528133392334,
        1.235443353652954,
        1.620787262916565,
        1.3322241306304932,
        1.320708155632019,
        1.3176180124282837,
        1.391163945198059,
        1.314170479774475,
        1.4401659965515137,
        1.2965606451034546,
        1.453645944595337,
        1.521999716758728,
        1.2986061573028564,
        1.389127492904663,
        1.2145226001739502,
        1.3509180545806885,
        1.2171980142593384,
        1.3486965894699097,
        1.3709882497787476,
        1.4527114629745483,
        1.3935010433197021,
        1.281153678894043,
        1.3233861923217773,
        1.1985775232315063,
        1.4413281679153442,
        1.3838846683502197,
        1.390358328819275,
        1.5357067584991455,
        1.2775682210922241,
        1.354896068572998,
        1.1960535049438477,
        1.2255278825759888,
        1.321772813796997,
        1.1816717386245728,
        1.3904201984405518,
        1.2233914136886597,
        1.157764196395874
      ],
      [
        1.2549357414245605,
        1.2057162523269653,
        1.1579947471618652,
        1.2662521600723267,
        1.2667396068572998,
        1.3180629014968872,
        1.339387059211731,
        1.2562183141708374,
        1.169822335243225,
        1.1576541662216187,
        1.1991592645645142,
        1.2115658521652222,
        1.1914160251617432,
        1.173799753189087,
        1.024775505065918,
        1.3935173749923706,
        1.1755589246749878,
        1.137100338935852,
        1.1437129974365234,
        1.136252522468567,
        1.0968950986862183,
        1.3095468282699585,
        1.08999502658844,
        1.2630445957183838,
        1.3275922536849976,
        1.1226993799209595,
        1.1926953792572021,
        1.0413401126861572,
        1.0961151123046875,
        1.0570449829101562,
        1.200212836265564,
        1.2177828550338745,
        1.2942137718200684,
        1.2226495742797852,
        1.0424271821975708,
        1.1160907745361328,
        1.0513801574707031,
        1.324507236480713,
        1.172311782836914,
        1.2290738821029663,
        1.2821558713912964,
        1.100614070892334,
        1.1972378492355347,
        1.0657280683517456,
        1.084610104560852,
        1.1410831212997437,
        1.0572372674942017,
        1.1507501602172852,
        1.1003971099853516,
        0.9962327480316162
      ]
    ],
    "train_acc": [
      17.515625,
      34.828125,
      43.0625,
      51.671875,
      58.5625
    ],