{
  "config": {
    "run_name": "exp1_1",
    "out_dir": "./results",
    "seed": 531633739,
    "device": null,
    "bs_train": 128,
    "bs_test": 32,
    "batches": 50,
    "epochs": 100,
    "early_stopping": 3,
    "checkpoints": null,
    "lr": 0.001,
    "reg": 0.001,
    "filters_per_layer": [
      64
    ],
    "pool_every": 4,
    "hidden_dims": [
      16384,
      100
    ],
    "model_type": "cnn",
    "conv_params": {
      "kernel_size": 3,
      "stride": [
        1,
        1
      ],
      "padding": [
        1,
        1
      ]
    },
    "activation_type": "relu",
    "activation_params": {},
    "pooling_type": "avg",
    "pooling_params": {
      "kernel_size": 2
    },
    "batchnorm": true,
    "dropout": 0.1,
    "kw": {},
    "layers_per_block": 4
  },
  "results": {
    "num_epochs": 3,
    "train_loss": [
      [
        2.3133833408355713,
        2.319016456604004,
        2.2958984375,
        2.2798984050750732,
        2.2704646587371826,
        2.2681617736816406,
        2.3021411895751953,
        2.2415661811828613,
        2.2402946949005127,
        2.173374891281128,
        2.164047956466675,
        2.189851760864258,
        2.1467418670654297,
        2.2191882133483887,
        2.152320623397827,
        2.2368478775024414,
        2.063624382019043,
        2.136593818664551,
        2.016651153564453,
        1.9988677501678467,
        2.0488574504852295,
        1.9614474773406982,
        1.9036636352539062,
        2.0656943321228027,
        2.089191436767578,
        1.9135096073150635,
        1.9805793762207031,
        1.8863669633865356,
        2.0087666511535645,
        1.8080943822860718,
        2.0106678009033203,
        1.9393492937088013,
        1.9009630680084229,
        1.87985360622406,
        1.895452857017517,
        1.9160308837890625,
        1.9282362461090088,
        1.915981650352478,
        1.8440805673599243,
        2.06001615524292,
        2.0122976303100586,
        1.8077119588851929,
        1.894366979598999,
        1.8388088941574097,
        1.8760004043579102,
        1.8617793321609497,
        1.7665913105010986,
        1.8769712448120117,
        1.7597694396972656,
        1.802798867225647
      ],
      [
        1.8018056154251099,
        1.7969931364059448,
        1.7036012411117554,
        1.8256926536560059,
        1.7780511379241943,
        1.8225160837173462,
        1.928365707397461,
        1.6829540729522705,
        1.7959952354431152,
        1.785631775856018,
        1.8158130645751953,
        1.8127059936523438,
        1.7563693523406982,
        1.8094613552093506,
        1.6939829587936401,
        2.0223231315612793,
        1.6847723722457886,
        1.7164586782455444,
        1.6951383352279663,
        1.7335917949676514,
        1.7355258464813232,
        1.7614394426345825,
        1.5668816566467285,
        1.6684298515319824,
        1.8591248989105225,
        1.6267764568328857,
        1.7866501808166504,
        1.5738182067871094,
        1.7192579507827759,
        1.4462668895721436,
        1.7811932563781738,
        1.6436535120010376,
        1.6406424045562744,
        1.5828685760498047,
        1.603371500968933,
        1.6337151527404785,
        1.6037118434906006,
        1.6915360689163208,
        1.6845605373382568,
        1.8126319646835327,
        1.7468020915985107,
        1.5917011499404907,
        1.6808857917785645,
        1.5134789943695068,
        1.5862077474594116,
        1.606743574142456,
        1.4759421348571777,
        1.6860345602035522,
        1.5100183486938477,
        1.5101988315582275
      ],
      [
        1.600278377532959,
        1.5050143003463745,
        1.4585210084915161,
        1.631779432296753,
        1.5348293781280518,
        1.629457712173462,
        1.6888656616210938,
        1.4736841917037964,
        1.6017918586730957,
        1.5224193334579468,
        1.5585832595825195,
        1.551385760307312,
        1.4799752235412598,
        1.6423120498657227,
        1.3368593454360962,
        1.7169888019561768,
        1.4340171813964844,
        1.5182510614395142,
        1.4749773740768433,
        1.538280725479126,
        1.5414197444915771,
        1.5762953758239746,
        1.3938266038894653,
        1.5429027080535889,
        1.6644858121871948,
        1.3790960311889648,
        1.615728497505188,
        1.318253517150879,
        1.4829922914505005,
        1.2876945734024048,
        1.5175085067749023,
        1.533923625946045,
        1.4962226152420044,
        1.4227771759033203,
        1.3646043539047241,
        1.4523611068725586,
        1.3944206237792969,
        1.5578217506408691,
        1.5570818185806274,
        1.5773563385009766,
        1.5789108276367188,
        1.4863146543502808,
        1.5192298889160156,
        1.4033859968185425,
        1.490788221359253,
        1.5274494886398315,
        1.3463879823684692,
        1.5444073677062988,
        1.4072210788726807,
        1.285815954208374
      ]
    ],
    "train_acc": [
      25.296875,
      39.296875,
      46.1875
    ],