{
  "config": {
    "run_name": "exp1_1",
    "out_dir": "./results",
    "seed": 2075348176,
    "device": null,
    "bs_train": 128,
    "bs_test": 32,
    "batches": 50,
    "epochs": 100,
    "early_stopping": 3,
    "checkpoints": null,
    "lr": 0.001,
    "reg": 0.001,
    "filters_per_layer": [
      64
    ],
    "pool_every": 4,
    "hidden_dims": [
      16384,
      100
    ],
    "model_type": "resnet",
    "conv_params": {
      "kernel_size": 3,
      "stride": [
        1,
        1
      ],
      "padding": 1
    },
    "activation_type": "relu",
    "activation_params": {},
    "pooling_type": "avg",
    "pooling_params": {
      "kernel_size": 2
    },
    "batchnorm": true,
    "dropout": 0.1,
    "kw": {},
    "layers_per_block": 4
  },
  "results": {
    "num_epochs": 4,
    "train_loss": [
      [
        2.300907850265503,
        2.9342024326324463,
        2.41733455657959,
        2.332350969314575,
        2.2839577198028564,
        2.2490618228912354,
        2.2772011756896973,
        2.2435479164123535,
        2.1899518966674805,
        2.1010279655456543,
        2.1185121536254883,
        2.0834028720855713,
        2.0508124828338623,
        2.037537097930908,
        1.9922555685043335,
        2.078778028488159,
        1.9295216798782349,
        1.9961096048355103,
        1.98764169216156,
        1.8694872856140137,
        1.9499188661575317,
        1.942491888999939,
        1.8388046026229858,
        1.862834095954895,
        2.031040668487549,
        1.8492251634597778,
        1.9450613260269165,
        1.7091056108474731,
        1.8060952425003052,
        1.607221245765686,
        1.842940330505371,
        1.867552638053894,
        1.8098516464233398,
        1.7247439622879028,
        1.708605408668518,
        1.804866909980774,
        1.6863186359405518,
        1.7665650844573975,
        1.8330172300338745,
        1.826131820678711,
        1.8880776166915894,
        1.6947559118270874,
        1.80955171585083,
        1.660459041595459,
        1.714324712753296,
        1.7061885595321655,
        1.6126518249511719,
        1.7549041509628296,
        1.6249523162841797,
        1.5263898372650146
      ],
      [
        1.7403373718261719,
        1.5800260305404663,
        1.540452003479004,
        1.7338982820510864,
        1.6044127941131592,
        1.7827718257904053,
        1.7172256708145142,
        1.6075276136398315,
        1.434813380241394,
        1.6509113311767578,
        1.7233597040176392,
        1.6501634120941162,
        1.505579948425293,
        1.6338499784469604,
        1.5582475662231445,
        1.8141385316848755,
        1.5507357120513916,
        1.6092534065246582,
        1.5783131122589111,
        1.5817677974700928,
        1.6681779623031616,
        1.6464675664901733,
        1.5075761079788208,
        1.5633254051208496,
        1.7524775266647339,
        1.4595811367034912,
        1.6129319667816162,
        1.407307744026184,
        1.5032979249954224,
        1.4728246927261353,
        1.6171064376831055,
        1.5979957580566406,
        1.502037525177002,
        1.517858862876892,
        1.4049018621444702,
        1.5954176187515259,
        1.4826022386550903,
        1.6328438520431519,
        1.6217700242996216,
        1.6724587678909302,
        1.7149897813796997,
        1.4843400716781616,
        1.5180052518844604,
        1.3543202877044678,
        1.5005362033843994,
        1.4840373992919922,
        1.3696776628494263,
        1.562912106513977,
        1.371611475944519,
        1.2359286546707153
      ],
      [
        1.599744200706482,
        1.430230975151062,
        1.4302011728286743,
        1.4652754068374634,
        1.4706658124923706,
        1.5368071794509888,
        1.4841325283050537,
        1.3149197101593018,
        1.2471305131912231,
        1.4335345029830933,
        1.4661877155303955,
        1.3827217817306519,
        1.375321388244629,
        1.3421573638916016,
        1.255683183670044,
        1.6260935068130493,
        1.3554023504257202,
        1.4169700145721436,
        1.4382673501968384,
        1.4650253057479858,
        1.4829431772232056,
        1.4858412742614746,
        1.2447129487991333,
        1.453158974647522,
        1.600307822227478,
        1.2936177253723145,
        1.4922025203704834,
        1.2979540824890137,
        1.3485106229782104,
        1.2578502893447876,
        1.40193772315979,
        1.4221808910369873,
        1.396586298942566,
        1.3377625942230225,
        1.2314159870147705,
        1.452876329421997,
        1.217533826828003,
        1.3944127559661865,
        1.420396327972412,
        1.4551717042922974,
        1.5315016508102417,
        1.4143117666244507,
        1.313550353050232,
        1.1042858362197876,
        1.3926708698272705,
        1.2644751071929932,
        1.264424443244934,
        1.4315838813781738,
        1.1875717639923096,
        1.1116490364074707
      ],
      [
        1.32808256149292,
        1.2978005409240723,
        1.2391672134399414,
        1.2602773904800415,
        1.2317911386489868,
        1.442387342453003,
        1.41607666015625,
        1.1798804998397827,
        1.1426175832748413,
        1.1610106229782104,
        1.2983442544937134,
        1.1659486293792725,
        1.321467399597168,
        1.1761656999588013,
        1.0260556936264038,
        1.4153672456741333,
        1.1651225090026855,
        1.2737538814544678,
        1.1698706150054932,
        1.2742359638214111,
        1.216267704963684,
        1.3708752393722534,
        1.1577070951461792,
        1.2919073104858398,
        1.3857131004333496,
        1.1532272100448608,
        1.3253926038742065,
        1.170845627784729,
        1.14951491355896,
        1.0797271728515625,
        1.2604213953018188,
        1.3281521797180176,
        1.3371907472610474,
        1.2452832460403442,
        1.0228657722473145,
        1.2613705396652222,
        1.0331395864486694,
        1.4539144039154053,
        1.260901689529419,
        1.2545535564422607,
        1.3434548377990723,
        1.2147157192230225,
        1.2263298034667969,
        1.0451604127883911,
        1.2328482866287231,
        1.232718825340271,
        1.195358157157898,
        1.2510322332382202,
        1.1272540092468262,
        1.0266168117523193
      ]
    ],
    "train_acc": [
      28.859375,
      43.6875,
      49.5625,
      55.984375
    ],