{
  "config": {
    "run_name": "exp1_1",
    "out_dir": "./results",
    "seed": 625131993,
    "device": null,
    "bs_train": 128,
    "bs_test": 32,
    "batches": 50,
    "epochs": 100,
    "early_stopping": 3,
    "checkpoints": null,
    "lr": 0.001,
    "reg": 0.001,
    "filters_per_layer": [
      32
    ],
    "pool_every": 4,
    "hidden_dims": [
      2048,
      100
    ],
    "model_type": "resnet",
    "conv_params": {
      "kernel_size": 3,
      "stride": [
        1,
        1
      ],
      "padding": 1
    },
    "activation_type": "relu",
    "activation_params": {},
    "pooling_type": "avg",
    "pooling_params": {
      "kernel_size": 2
    },
    "batchnorm": true,
    "dropout": 0.1,
    "kw": {},
    "layers_per_block": 8
  },
  "results": {
    "num_epochs": 5,
    "train_loss": [
      [
        2.3190581798553467,
        2.3415238857269287,
        2.3162128925323486,
        2.29502534866333,
        2.267174243927002,
        2.2378125190734863,
        2.344928026199341,
        2.2577271461486816,
        2.2286441326141357,
        2.1502742767333984,
        2.136218547821045,
        2.179896831512451,
        2.1120481491088867,
        2.1598851680755615,
        2.1836252212524414,
        2.1799404621124268,
        2.122070074081421,
        2.0819578170776367,
        2.0352776050567627,
        2.064345359802246,
        2.0306622982025146,
        1.9741063117980957,
        1.9556281566619873,
        2.0326719284057617,
        2.0535550117492676,
        1.8536497354507446,
        1.9464609622955322,
        1.8690532445907593,
        1.9356622695922852,
        1.7538070678710938,
        1.9620590209960938,
        1.7926818132400513,
        1.832534670829773,
        1.8434349298477173,
        1.7513678073883057,
        1.8513977527618408,
        1.7113397121429443,
        1.9036426544189453,
        1.915433645248413,
        1.8980517387390137,
        2.0407462120056152,
        1.6972713470458984,
        1.8697763681411743,
        1.6800161600112915,
        1.7831745147705078,
        1.7317217588424683,
        1.7095272541046143,
        1.762770175933838,
        1.675612449645996,
        1.6072543859481812
      ],
      [
        1.7250295877456665,
        1.7053425312042236,
        1.580013394355774,
        1.6931605339050293,
        1.7238150835037231,
        1.8664734363555908,
        1.7813390493392944,
        1.6703240871429443,
        1.5273114442825317,
        1.6610580682754517,
        1.6902680397033691,
        1.6914632320404053,
        1.6434476375579834,
        1.7288517951965332,
        1.6321183443069458,
        1.8377435207366943,
        1.549483060836792,
        1.6282449960708618,
        1.611154556274414,
        1.6565022468566895,
        1.6454991102218628,
        1.6302464008331299,
        1.571600079536438,
        1.5647358894348145,
        1.802956461906433,
        1.5460091829299927,
        1.7395520210266113,
        1.5298926830291748,
        1.647597074508667,
        1.5001318454742432,
        1.649183988571167,
        1.6352252960205078,
        1.5994843244552612,
        1.5786802768707275,
        1.471985101699829,
        1.5623782873153687,
        1.5679078102111816,
        1.6496204137802124,
        1.6697355508804321,
        1.6903045177459717,
        1.7633471488952637,
        1.5113643407821655,
        1.6350831985473633,
        1.442179560661316,
        1.5250433683395386,
        1.6017017364501953,
        1.4962403774261475,
        1.6445643901824951,
        1.558302640914917,
        1.4271020889282227
      ],
      [
        1.6160147190093994,
        1.4486401081085205,
        1.415706992149353,
        1.4853897094726562,
        1.5182380676269531,
        1.6912919282913208,
        1.6440702676773071,
        1.442087173461914,
        1.3497252464294434,
        1.4625205993652344,
        1.4666872024536133,
        1.4365181922912598,
        1.428015112876892,
        1.4783583879470825,
        1.3859833478927612,
        1.6479684114456177,
        1.422884464263916,
        1.4495949745178223,
        1.5210566520690918,
        1.4913922548294067,
        1.386138916015625,
        1.5011401176452637,
        1.365380883216858,
        1.4948997497558594,
        1.7211579084396362,
        1.4135265350341797,
        1.5286897420883179,
        1.3439842462539673,
        1.4964425563812256,
        1.375954031944275,
        1.4668033123016357,
        1.5748578310012817,
        1.445885181427002,
        1.4830940961837769,
        1.2531179189682007,
        1.5217039585113525,
        1.4066258668899536,
        1.5873857736587524,
        1.5236001014709473,
        1.5554203987121582,
        1.632710337638855,
        1.408059000968933,
        1.5790766477584839,
        1.3014469146728516,
        1.460376501083374,
        1.4368170499801636,
        1.3883330821990967,
        1.5326021909713745,
        1.3810083866119385,
        1.2872164249420166
      ],
      [
        1.457080602645874,
        1.3841882944107056,
        1.3210731744766235,
        1.3043503761291504,
        1.4090545177459717,
        1.5624998807907104,
        1.5867127180099487,
        1.3268955945968628,
        1.2768040895462036,
        1.3968346118927002,
        1.385127305984497,
        1.3884068727493286,
        1.3931176662445068,
        1.3179887533187866,
        1.2575979232788086,
        1.545629858970642,
        1.238011121749878,
        1.4756910800933838,
        1.3270554542541504,
        1.446117639541626,
        1.359369158744812,
        1.4395952224731445,
        1.1933317184448242,
        1.2733542919158936,
        1.5027790069580078,
        1.3309402465820312,
        1.3590376377105713,
        1.276923656463623,
        1.255640983581543,
        1.2374985218048096,
        1.3431049585342407,
        1.40898597240448,
        1.4227012395858765,
        1.3013778924942017,
        1.0810561180114746,
        1.4069145917892456,
        1.2157737016677856,
        1.4006062746047974,
        1.433213710784912,
        1.4084519147872925,
        1.5183210372924805,
        1.3345667123794556,
        1.348623275756836,
        1.1793808937072754,
        1.3158701658248901,
        1.3066270351409912,
        1.214897871017456,
        1.4734771251678467,
        1.2668819427490234,
        1.2163057327270508
      ],
      [
        1.273942470550537,
        1.2256017923355103,
        1.2470306158065796,
        1.2316547632217407,
        1.3416563272476196,
        1.4772801399230957,
        1.484627604484558,
        1.2511307001113892,
        1.1514482498168945,
        1.2777128219604492,
        1.287401795387268,
        1.212027668952942,
        1.2926299571990967,
        1.3419214487075806,
        1.1270123720169067,
        1.4568488597869873,
        1.1631375551223755,
        1.3007562160491943,
        1.3007535934448242,
        1.3523231744766235,
        1.2128856182098389,
        1.3203033208847046,
        1.1461132764816284,
        1.3214163780212402,
        1.388267993927002,
        1.2643715143203735,
        1.2979936599731445,
        1.1641613245010376,
        1.1492971181869507,
        1.1854335069656372,
        1.2659196853637695,
        1.2856892347335815,
        1.2878345251083374,
        1.1954582929611206,
        1.0125467777252197,
        1.4138184785842896,
        1.104215145111084,
        1.368226170539856,
        1.3449920415878296,
        1.3247228860855103,
        1.382601022720337,
        1.3315199613571167,
        1.2868068218231201,
        1.2073613405227661,
        1.2541087865829468,
        1.2241262197494507,
        1.223828673362732,
        1.4073373079299927,
        1.1422505378723145,
        1.12317955493927
      ]
    ],
    "train_acc": [
      26.953125,
      40.6875,
      46.1875,
      50.796875,
      54.84375
    ],