{
  "config": {
    "run_name": "exp1_1",
    "out_dir": "./results",
    "seed": 12868743,
    "device": null,
    "bs_train": 128,
    "bs_test": 32,
    "batches": 50,
    "epochs": 100,
    "early_stopping": 3,
    "checkpoints": null,
    "lr": 0.001,
    "reg": 0.001,
    "filters_per_layer": [
      32
    ],
    "pool_every": 4,
    "hidden_dims": [
      128,
      100
    ],
    "model_type": "resnet",
    "conv_params": {
      "kernel_size": 3,
      "stride": [
        1,
        1
      ],
      "padding": 1
    },
    "activation_type": "relu",
    "activation_params": {},
    "pooling_type": "avg",
    "pooling_params": {
      "kernel_size": 2
    },
    "batchnorm": true,
    "dropout": 0.1,
    "kw": {},
    "layers_per_block": 16
  },
  "results": {
    "num_epochs": 5,
    "train_loss": [
      [
        2.298563003540039,
        2.3271780014038086,
        2.3007915019989014,
        2.3162381649017334,
        2.298311710357666,
        2.2750580310821533,
        2.3002302646636963,
        2.2653682231903076,
        2.240459442138672,
        2.2008683681488037,
        2.2183914184570312,
        2.203763246536255,
        2.2018096446990967,
        2.206592082977295,
        2.2715210914611816,
        2.268425941467285,
        2.1737477779388428,
        2.1706838607788086,
        2.143789529800415,
        2.101067543029785,
        2.1041080951690674,
        2.120927333831787,
        2.0210072994232178,
        2.0814547538757324,
        2.0894570350646973,
        1.9900766611099243,
        2.055907726287842,
        2.018688440322876,
        2.0738539695739746,
        1.9239060878753662,
        2.0670671463012695,
        1.9856276512145996,
        1.9589980840682983,
        2.0024962425231934,
        1.9661387205123901,
        2.036620855331421,
        2.011972188949585,
        2.0250823497772217,
        1.9659143686294556,
        1.9939011335372925,
        2.0717358589172363,
        1.9440562725067139,
        1.957870602607727,
        1.9264907836914062,
        1.943419337272644,
        1.9477688074111938,
        1.8526887893676758,
        2.0125579833984375,
        1.8819231986999512,
        1.9423637390136719
      ],
      [
        1.9207861423492432,
        1.8947935104370117,
        1.810234785079956,
        1.8481707572937012,
        1.8995487689971924,
        1.8913061618804932,
        1.9728904962539673,
        1.8154690265655518,
        1.8343052864074707,
        1.938061237335205,
        1.826806664466858,
        1.8695820569992065,
        1.8549834489822388,
        1.9308125972747803,
        1.909645915031433,
        1.9592227935791016,
        1.8419939279556274,
        1.906864047050476,
        1.8028323650360107,
        1.825666904449463,
        1.796065330505371,
        1.8534893989562988,
        1.7804362773895264,
        1.8530845642089844,
        2.0096919536590576,
        1.8206619024276733,
        1.8683925867080688,
        1.8402042388916016,
        1.8179728984832764,
        1.666837215423584,
        1.9179223775863647,
        1.8093445301055908,
        1.7926726341247559,
        1.7764686346054077,
        1.6640074253082275,
        1.8625671863555908,
        1.698976755142212,
        1.7911596298217773,
        1.8177406787872314,
        1.8038387298583984,
        1.8310129642486572,
        1.7950881719589233,
        1.8834867477416992,
        1.6855539083480835,
        1.828460931777954,
        1.7136316299438477,
        1.7301522493362427,
        1.851274013519287,
        1.666008472442627,
        1.6654356718063354
      ],
      [
        1.7544857263565063,
        1.740617275238037,
        1.6195011138916016,
        1.7839174270629883,
        1.7247803211212158,
        1.8238635063171387,
        1.7691388130187988,
        1.7236095666885376,
        1.6631501913070679,
        1.7267667055130005,
        1.6936395168304443,
        1.678106665611267,
        1.7022778987884521,
        1.7773234844207764,
        1.6612200736999512,
        1.8205286264419556,
        1.6159324645996094,
        1.8283103704452515,
        1.684201717376709,
        1.6991839408874512,
        1.7082781791687012,
        1.7977511882781982,
        1.6489858627319336,
        1.7472816705703735,
        1.821408987045288,
        1.686614990234375,
        1.780836582183838,
        1.6828205585479736,
        1.7174338102340698,
        1.5470013618469238,
        1.8189016580581665,
        1.711392879486084,
        1.6427180767059326,
        1.6520020961761475,
        1.603926181793213,
        1.7814068794250488,
        1.6729146242141724,
        1.8066480159759521,
        1.8001400232315063,
        1.7392466068267822,
        1.7432466745376587,
        1.686299204826355,
        1.7650245428085327,
        1.5587612390518188,
        1.6988122463226318,
        1.6924574375152588,
        1.6102056503295898,
        1.6833020448684692,
        1.6818718910217285,
        1.5487746000289917
      ],
      [
        1.676640272140503,
        1.5879590511322021,
        1.5244605541229248,
        1.6745070219039917,
        1.6145262718200684,
        1.7170732021331787,
        1.6934524774551392,
        1.630085825920105,
        1.5842043161392212,
        1.6365396976470947,
        1.626997947692871,
        1.6880134344100952,
        1.6613967418670654,
        1.7888182401657104,
        1.6430891752243042,
        1.7091079950332642,
        1.5064680576324463,
        1.7017320394515991,
        1.6867849826812744,
        1.5625605583190918,
        1.527779459953308,
        1.6834944486618042,
        1.542496681213379,
        1.599767804145813,
        1.6908557415008545,
        1.5753549337387085,
        1.7283945083618164,
        1.5112476348876953,
        1.5871570110321045,
        1.5779820680618286,
        1.667047381401062,
        1.7476314306259155,
        1.5801266431808472,
        1.5588914155960083,
        1.4050688743591309,
        1.6184780597686768,
        1.5374748706817627,
        1.715972900390625,
        1.6740506887435913,
        1.6626458168029785,
        1.6544440984725952,
        1.5697777271270752,
        1.6424740552902222,
        1.463696837425232,
        1.5874600410461426,
        1.5746124982833862,
        1.5254241228103638,
        1.6605840921401978,
        1.5415620803833008,
        1.4570330381393433
      ],
      [
        1.5828145742416382,
        1.5295270681381226,
        1.4908822774887085,
        1.5416830778121948,
        1.5895273685455322,
        1.6496981382369995,
        1.6307587623596191,
        1.5128287076950073,
        1.4899048805236816,
        1.6160269975662231,
        1.4677430391311646,
        1.5425347089767456,
        1.577970266342163,
        1.6114344596862793,
        1.4762637615203857,
        1.6272430419921875,
        1.478683352470398,
        1.6301573514938354,
        1.5756089687347412,
        1.5547120571136475,
        1.5584404468536377,
        1.614510178565979,
        1.466817021369934,
        1.6125620603561401,
        1.6823500394821167,
        1.4733823537826538,
        1.651444435119629,
        1.4291568994522095,
        1.543849229812622,
        1.4361774921417236,
        1.5421268939971924,
        1.5521395206451416,
        1.5241483449935913,
        1.510665774345398,
        1.3285454511642456,
        1.561495304107666,
        1.4800822734832764,
        1.5638532638549805,
        1.6402922868728638,
        1.6008281707763672,
        1.5814530849456787,
        1.4613533020019531,
        1.6051777601242065,
        1.359302282333374,
        1.5350801944732666,
        1.5028098821640015,
        1.4428447484970093,
        1.5321401357650757,
        1.4571998119354248,
        1.3497662544250488
      ]
    ],
    "train_acc": [
      20.8125,
      31.5625,
      36.1875,
      40.375,
      43.390625
    ],