{
  "config": {
    "run_name": "exp1_1",
    "out_dir": "./results",
    "seed": 1447497755,
    "device": null,
    "bs_train": 128,
    "bs_test": 32,
    "batches": 100,
    "epochs": 100,
    "early_stopping": 3,
    "checkpoints": null,
    "lr": 0.001,
    "reg": 0.001,
    "filters_per_layer": [
      32
    ],
    "pool_every": 4,
    "hidden_dims": [
      32768,
      1024
    ],
    "model_type": "resnet",
    "conv_params": {
      "kernel_size": 3,
      "stride": [
        1,
        1
      ],
      "padding": 1
    },
    "activation_type": "relu",
    "activation_params": {},
    "pooling_type": "avg",
    "pooling_params": {
      "kernel_size": 2
    },
    "batchnorm": true,
    "dropout": 0.1,
    "kw": {},
    "layers_per_block": 2
  },
  "results": {
    "num_epochs": 3,
    "train_loss": [
      [
        2.3152616024017334,
        12.959623336791992,
        9.878167152404785,
        6.23640775680542,
        3.928654909133911,
        2.635593891143799,
        2.6265082359313965,
        2.309056282043457,
        2.428104877471924,
        2.231407880783081,
        2.2495179176330566,
        2.2742936611175537,
        2.3093485832214355,
        2.272214889526367,
        2.290403127670288,
        2.277987003326416,
        2.2983298301696777,
        2.286198139190674,
        2.291998863220215,
        2.282081127166748,
        2.285334348678589,
        2.2938055992126465,
        2.284856081008911,
        2.2761659622192383,
        2.2852416038513184,
        2.285553216934204,
        2.2758541107177734,
        2.264380693435669,
        2.292043924331665,
        2.2634472846984863,
        2.276892900466919,
        2.284114122390747,
        2.278066873550415,
        2.279500722885132,
        2.2931134700775146,
        2.3040406703948975,
        2.2415499687194824,
        2.210724353790283,
        2.2706594467163086,
        2.287476062774658,
        2.2372286319732666,
        2.186589479446411,
        2.2249739170074463,
        2.2388651371002197,
        2.1843395233154297,
        2.2187795639038086,
        2.1840710639953613,
        2.2086408138275146,
        2.127338409423828,
        2.110762596130371,
        2.0802271366119385,
        2.229280471801758,
        2.223379611968994,
        2.1792027950286865,
        2.066105842590332,
        2.1063737869262695,
        2.0037214756011963,
        2.140287399291992,
        2.072782039642334,
        2.0891518592834473,
        2.09258770942688,
        2.082913398742676,
        2.1099188327789307,
        2.020461082458496,
        2.1012065410614014,
        2.0509917736053467,
        2.026573657989502,
        2.045462131500244,
        2.058422088623047,
        2.125840663909912,
        2.116316080093384,
        1.9703565835952759,
        2.0118396282196045,
        2.05668044090271,
        1.9683457612991333,
        1.9615273475646973,
        1.945250391960144,
        1.9708302021026611,
        2.017002820968628,
        2.022829055786133,
        2.032475233078003,
        2.1304805278778076,
        1.9358677864074707,
        1.9443120956420898,
        1.9097338914871216,
        1.9849474430084229,
        1.9376754760742188,
        1.9056998491287231,
        1.888047695159912,
        2.049860715866089,
        2.0594191551208496,
        1.8124784231185913,
        1.9993364810943604,
        1.9395039081573486,
        1.9117379188537598,
        1.9959999322891235,
        1.9511278867721558,
        1.9577317237854004,
        1.888991117477417,
        1.9397319555282593
      ],
      [
        1.795409917831421,
        1.8332602977752686,
        1.9386917352676392,
        1.9607421159744263,
        1.85701584815979,
        1.8792970180511475,
        2.024661064147949,
        1.8030439615249634,
        1.8709510564804077,
        1.8656474351882935,
        1.8213746547698975,
        1.8177471160888672,
        1.806731939315796,
        1.7267589569091797,
        1.7295554876327515,
        1.8527978658676147,
        1.6766915321350098,
        1.7563841342926025,
        1.7188286781311035,
        1.7393299341201782,
        1.8336864709854126,
        1.6720037460327148,
        1.554248332977295,
        1.71077299118042,
        1.9647715091705322,
        1.644528865814209,
        1.8575799465179443,
        1.5908880233764648,
        1.6656980514526367,
        1.5890753269195557,
        1.709568977355957,
        1.7613037824630737,
        1.6708025932312012,
        1.659032940864563,
        1.6605550050735474,
        1.628740668296814,
        1.6567907333374023,
        1.7207003831863403,
        1.674277663230896,
        1.7181836366653442,
        1.8000483512878418,
        1.589138388633728,
        1.686742901802063,
        1.4993489980697632,
        1.6645172834396362,
        1.5689018964767456,
        1.4908429384231567,
        1.6541500091552734,
        1.537500262260437,
        1.4961222410202026,
        1.558760166168213,
        1.6589301824569702,
        1.6065484285354614,
        1.6624361276626587,
        1.4653266668319702,
        1.6784820556640625,
        1.4076039791107178,
        1.5790948867797852,
        1.6212869882583618,
        1.6333601474761963,
        1.5765670537948608,
        1.633996844291687,
        1.592532753944397,
        1.5077297687530518,
        1.4791444540023804,
        1.5573681592941284,
        1.5002362728118896,
        1.501647710800171,
        1.6308152675628662,
        1.586878776550293,
        1.7642407417297363,
        1.4923328161239624,
        1.4646741151809692,
        1.530312418937683,
        1.4644758701324463,
        1.4710612297058105,
        1.470139741897583,
        1.4503846168518066,
        1.5634647607803345,
        1.7208274602890015,
        1.5238561630249023,
        1.7223918437957764,
        1.5883901119232178,
        1.4015616178512573,
        1.3489493131637573,
        1.4936480522155762,
        1.5287151336669922,
        1.4377950429916382,
        1.4380313158035278,
        1.5139927864074707,
        1.4365885257720947,
        1.3823233842849731,
        1.5421795845031738,
        1.4593989849090576,
        1.511579155921936,
        1.453507423400879,
        1.5268734693527222,
        1.462811827659607,
        1.590964436531067,
        1.5766427516937256
      ],
      [
        1.4267247915267944,
        1.3427605628967285,
        1.337976336479187,
        1.6423388719558716,
        1.4818159341812134,
        1.4055006504058838,
        1.4794998168945312,
        1.4041908979415894,
        1.4388623237609863,
        1.308591604232788,
        1.4290800094604492,
        1.3957340717315674,
        1.2668391466140747,
        1.3660051822662354,
        1.1356377601623535,
        1.5879590511322021,
        1.37284517288208,
        1.3127856254577637,
        1.2934998273849487,
        1.3365588188171387,
        1.2873222827911377,
        1.3756043910980225,
        1.2137640714645386,
        1.423846960067749,
        1.5449298620224,
        1.3446218967437744,
        1.4345929622650146,
        1.182931661605835,
        1.2765860557556152,
        1.1769859790802002,
        1.4175654649734497,
        1.382085919380188,
        1.3600680828094482,
        1.3520302772521973,
        1.3576114177703857,
        1.3490639925003052,
        1.2474368810653687,
        1.419873595237732,
        1.3869872093200684,
        1.4041712284088135,
        1.4977428913116455,
        1.373655915260315,
        1.4375596046447754,
        1.258994698524475,
        1.4072386026382446,
        1.3640899658203125,
        1.1868736743927002,
        1.4024286270141602,
        1.2629200220108032,
        1.2265398502349854,
        1.2088592052459717,
        1.343691110610962,
        1.2417562007904053,
        1.3934775590896606,
        1.2386033535003662,
        1.371357798576355,
        1.1865249872207642,
        1.2618004083633423,
