{
  "config": {
    "run_name": "exp1_1",
    "out_dir": "./results",
    "seed": 2022172616,
    "device": null,
    "bs_train": 64,
    "bs_test": 16,
    "batches": 100,
    "epochs": 100,
    "early_stopping": 3,
    "checkpoints": null,
    "lr": 0.001,
    "reg": 0.001,
    "filters_per_layer": [
      64
    ],
    "pool_every": 4,
    "hidden_dims": [
      65536,
      1024
    ],
    "model_type": "resnet",
    "conv_params": {
      "kernel_size": 3,
      "stride": [
        1,
        1
      ],
      "padding": 1
    },
    "activation_type": "relu",
    "activation_params": {},
    "pooling_type": "avg",
    "pooling_params": {
      "kernel_size": 2
    },
    "batchnorm": true,
    "dropout": 0.1,
    "kw": {},
    "layers_per_block": 2
  },
  "results": {
    "num_epochs": 3,
    "train_loss": [
      [
        2.301316022872925,
        26.60677146911621,
        14.99936580657959,
        7.8244171142578125,
        4.04475212097168,
        2.4939687252044678,
        2.5125467777252197,
        2.3288354873657227,
        2.3893868923187256,
        2.290186882019043,
        2.3067240715026855,
        2.296926975250244,
        2.3177154064178467,
        2.2955353260040283,
        2.3064842224121094,
        2.304713010787964,
        2.303624153137207,
        2.3017289638519287,
        2.3022232055664062,
        2.3018198013305664,
        2.3056061267852783,
        2.3034818172454834,
        2.3022420406341553,
        2.302762508392334,
        2.2995259761810303,
        2.3021934032440186,
        2.3017003536224365,
        2.306025981903076,
        2.3069875240325928,
        2.3030059337615967,
        2.3031978607177734,
        2.3013625144958496,
        2.3033101558685303,
        2.3029158115386963,
        2.3050613403320312,
        2.30271577835083,
        2.300809383392334,
        2.3009214401245117,
        2.306399345397949,
        2.309800863265991,
        2.3082847595214844,
        2.3022942543029785,
        2.3048970699310303,
        2.303340435028076,
        2.305159091949463,
        2.3052852153778076,
        2.304391384124756,
        2.3007290363311768,
        2.300961971282959,
        2.3030951023101807,
        2.3042688369750977,
        2.304089307785034,
        2.299283504486084,
        2.305384635925293,
        2.303349494934082,
        2.30260968208313,
        2.304506540298462,
        2.304582357406616,
        2.30247163772583,
        2.302689552307129,
        2.301933765411377,
        2.299828052520752,
        2.3032116889953613,
        2.303891181945801,
        2.30320405960083,
        2.3028664588928223,
        2.3036954402923584,
        2.3008909225463867,
        2.3039934635162354,
        2.3024466037750244,
        2.3014276027679443,
        2.302527666091919,
        2.3026227951049805,
        2.3026270866394043,
        2.3024721145629883,
        2.302699089050293,
        2.3035526275634766,
        2.301698684692383,
        2.3024978637695312,
        2.3020386695861816,
        2.3053815364837646,
        2.3046224117279053,
        2.305452346801758,
        2.301764488220215,
        2.3034605979919434,
        2.2989888191223145,
        2.302903890609741,
        2.3030340671539307,
        2.301535129547119,
        2.3016552925109863,
        2.3063974380493164,
        2.3016998767852783,
        2.304391622543335,
        2.2999043464660645,
        2.303881883621216,
        2.3011558055877686,
        2.301414966583252,
        2.3038995265960693,
        2.30460262298584,
        2.3013181686401367
      ],
      [
        2.305190324783325,
        2.304427146911621,
        2.302807569503784,
        2.3036041259765625,
        2.303173780441284,
        2.3012914657592773,
        2.301511764526367,
        2.3018157482147217,
        2.307342052459717,
        2.3010287284851074,
        2.3015964031219482,
        2.3010125160217285,
        2.3054752349853516,
        2.3031110763549805,
        2.30265736579895,
        2.3034303188323975,
        2.3040103912353516,
        2.302541494369507,
        2.3015146255493164,
        2.2993240356445312,
        2.3018736839294434,
        2.3020925521850586,
        2.3020596504211426,
        2.3033394813537598,
        2.3039040565490723,
        2.3017144203186035,
        2.3008999824523926,
        2.3037946224212646,
        2.3043534755706787,
        2.303117513656616,
        2.3014402389526367,
        2.3028481006622314,
        2.304492235183716,
        2.303619623184204,
        2.303227424621582,
        2.302856922149658,
        2.30260968208313,
        2.302642583847046,
        2.301578998565674,
        2.3040106296539307,
        2.3045265674591064,
        2.299736499786377,
        2.303088426589966,
        2.3052563667297363,
        2.3029322624206543,
        2.3012115955352783,
        2.3011527061462402,
        2.3030452728271484,
        2.30198335647583,
        2.302816390991211,
        2.30234956741333,
        2.301469087600708,
        2.301476240158081,
        2.30342960357666,
        2.3028786182403564,
        2.300205707550049,
        2.301558017730713,
        2.3001816272735596,
        2.3018922805786133,
        2.3038313388824463,
        2.3003602027893066,
        2.302488088607788,
        2.30330491065979,
        2.301795482635498,
        2.303103446960449,
        2.2996580600738525,
        2.3013687133789062,
        2.3016161918640137,
        2.302903413772583,
        2.3050410747528076,
        2.305426597595215,
        2.3049943447113037,
        2.3049209117889404,
        2.2979867458343506,
        2.3008296489715576,
        2.3017969131469727,
        2.30263090133667,
        2.302809476852417,
        2.3020081520080566,
        2.3055179119110107,
        2.3038365840911865,
        2.3063130378723145,
        2.302151679992676,
        2.299675464630127,
        2.3039872646331787,
        2.297091245651245,
        2.3048644065856934,
        2.3023841381073,
        2.2988481521606445,
        2.3010692596435547,
        2.304915428161621,
        2.303095817565918,
        2.3014678955078125,
        2.3002336025238037,
        2.3060173988342285,
        2.3024802207946777,
        2.3002588748931885,
        2.3030431270599365,
        2.3036468029022217,
        2.3028032779693604
      ],
      [
        2.305870294570923,
        2.306957244873047,
        2.3042800426483154,
        2.3050248622894287,
        2.303931713104248,
        2.3015408515930176,
        2.3000898361206055,
        2.3019027709960938,
        2.3025591373443604,
        2.300997734069824,
        2.2999184131622314,
        2.3005833625793457,
        2.303631067276001,
        2.306443214416504,
        2.3000996112823486,
        2.3036341667175293,
        2.30415415763855,
        2.3035171031951904,
        2.300300359725952,
        2.296095848083496,
        2.2997019290924072,
        2.300178289413452,
        2.301908016204834,
        2.3042149543762207,
        2.307624101638794,
        2.300819158554077,
        2.300025224685669,
        2.302027463912964,
        2.301669120788574,
        2.302947521209717,
        2.300466537475586,
        2.3045504093170166,
        2.3047244548797607,
        2.3035998344421387,
        2.3011152744293213,
        2.303102970123291,
        2.3041114807128906,
        2.304551362991333,
        2.3006036281585693,
        2.3018417358398438,
        2.3060555458068848,
        2.298346996307373,
        2.301387071609497,
        2.306489944458008,
        2.301680088043213,
        2.2980244159698486,
        2.2981231212615967,
        2.304868698120117,
        2.3019609451293945,
        2.301934242248535,
        2.3008904457092285,
        2.299865961074829,
        2.3037726879119873,
        2.301170587539673,
        2.3015568256378174,
        2.2978668212890625,
        2.2997500896453857,
        2.2964909076690674,
        2.302140474319458,
