{
  "config": {
    "run_name": "exp1_1",
    "out_dir": "./results",
    "seed": 653020597,
    "device": null,
    "bs_train": 128,
    "bs_test": 32,
    "batches": 50,
    "epochs": 100,
    "early_stopping": 3,
    "checkpoints": null,
    "lr": 0.001,
    "reg": 0.001,
    "filters_per_layer": [
      64
    ],
    "pool_every": 4,
    "hidden_dims": [
      256,
      100
    ],
    "model_type": "cnn",
    "conv_params": {
      "kernel_size": 3,
      "stride": [
        1,
        1
      ],
      "padding": [
        1,
        1
      ]
    },
    "activation_type": "relu",
    "activation_params": {},
    "pooling_type": "avg",
    "pooling_params": {
      "kernel_size": 2
    },
    "batchnorm": true,
    "dropout": 0.1,
    "kw": {},
    "layers_per_block": 16
  },
  "results": {
    "num_epochs": 3,
    "train_loss": [
      [
        2.3056435585021973,
        2.2977333068847656,
        2.2985918521881104,
        2.302382707595825,
        2.3024895191192627,
        2.2990336418151855,
        2.3130321502685547,
        2.304006814956665,
        2.3066084384918213,
        2.300058126449585,
        2.307123899459839,
        2.3075804710388184,
        2.298088788986206,
        2.306668996810913,
        2.314221143722534,
        2.305562973022461,
        2.312190294265747,
        2.300548791885376,
        2.3059933185577393,
        2.305187463760376,
        2.297644853591919,
        2.3081467151641846,
        2.3031017780303955,
        2.3020713329315186,
        2.306506395339966,
        2.3048315048217773,
        2.305396795272827,
        2.308849334716797,
        2.299520254135132,
        2.3045170307159424,
        2.300428628921509,
        2.3017992973327637,
        2.3051369190216064,
        2.3028573989868164,
        2.3054237365722656,
        2.302415370941162,
        2.300668239593506,
        2.3020429611206055,
        2.301771640777588,
        2.30362606048584,
        2.304295539855957,
        2.298151731491089,
        2.300452709197998,
        2.304414987564087,
        2.30024790763855,
        2.30318546295166,
        2.301196575164795,
        2.304605484008789,
        2.304173231124878,
        2.304729461669922
      ],
      [
        2.3069024085998535,
        2.3021199703216553,
        2.30218768119812,
        2.3001620769500732,
        2.300788164138794,
        2.298161029815674,
        2.3080711364746094,
        2.3027312755584717,
        2.3042473793029785,
        2.29622220993042,
        2.302133560180664,
        2.3039963245391846,
        2.30410099029541,
        2.301732301712036,
        2.3059370517730713,
        2.302924394607544,
        2.3078441619873047,
        2.301704168319702,
        2.3051223754882812,
        2.3011326789855957,
        2.299600601196289,
        2.3056092262268066,
        2.300095796585083,
        2.301518678665161,
        2.304123878479004,
        2.301191806793213,
        2.3033549785614014,
        2.3031725883483887,
        2.2964134216308594,
        2.3047685623168945,
        2.3014307022094727,
        2.3017325401306152,
        2.301349401473999,
        2.302276134490967,
        2.3053746223449707,
        2.3068766593933105,
        2.3000357151031494,
        2.300541877746582,
        2.3038432598114014,
        2.304086923599243,
        2.305396318435669,
        2.2986583709716797,
        2.2998831272125244,
        2.3038837909698486,
        2.2997970581054688,
        2.304443836212158,
        2.30055832862854,
        2.305264472961426,
        2.302246570587158,
        2.3044261932373047
      ],
      [
        2.3075571060180664,
        2.3046464920043945,
        2.3032283782958984,
        2.3002257347106934,
        2.3010995388031006,
        2.2984118461608887,
        2.3070876598358154,
        2.302649736404419,
        2.3039824962615967,
        2.2961606979370117,
        2.3012855052948,
        2.303463935852051,
        2.3049795627593994,
        2.301215887069702,
        2.3042075634002686,
        2.302663803100586,
        2.306945323944092,
        2.3018991947174072,
        2.3049793243408203,
        2.300601005554199,
        2.3003902435302734,
        2.3052730560302734,
        2.2999327182769775,
        2.3014276027679443,
        2.303514242172241,
        2.300797939300537,
        2.303169012069702,
        2.302273750305176,
        2.296126365661621,
        2.3047735691070557,
        2.301368236541748,
        2.301886558532715,
        2.301248073577881,
        2.301642417907715,
        2.305382490158081,
        2.3067009449005127,
        2.3000266551971436,
        2.3006720542907715,
        2.3040218353271484,
        2.3038816452026367,
        2.3054771423339844,
        2.29866361618042,
        2.2998785972595215,
        2.303478479385376,
        2.299947500228882,
        2.304342031478882,
        2.3003876209259033,
        2.3053784370422363,
        2.3017752170562744,
        2.30422306060791
      ]
    ],
    "train_acc": [
      9.625,
      10.0,
      9.640625
    ],