{
  "config": {
    "run_name": "exp1_1",
    "out_dir": "./results",
    "seed": 434023111,
    "device": null,
    "bs_train": 128,
    "bs_test": 32,
    "batches": 50,
    "epochs": 100,
    "early_stopping": 3,
    "checkpoints": null,
    "lr": 0.001,
    "reg": 0.001,
    "filters_per_layer": [
      32
    ],
    "pool_every": 4,
    "hidden_dims": [
      8192,
      100
    ],
    "model_type": "resnet",
    "conv_params": {
      "kernel_size": 3,
      "stride": [
        1,
        1
      ],
      "padding": 1
    },
    "activation_type": "relu",
    "activation_params": {},
    "pooling_type": "avg",
    "pooling_params": {
      "kernel_size": 2
    },
    "batchnorm": true,
    "dropout": 0.1,
    "kw": {},
    "layers_per_block": 4
  },
  "results": {
    "num_epochs": 3,
    "train_loss": [
      [
        2.29549503326416,
        2.416640281677246,
        2.3220643997192383,
        2.2528231143951416,
        2.2209033966064453,
        2.199894666671753,
        2.270169496536255,
        2.157715082168579,
        2.1530098915100098,
        2.070011615753174,
        2.0137975215911865,
        2.0085089206695557,
        1.9685885906219482,
        2.04634428024292,
        2.2221996784210205,
        2.2982962131500244,
        2.021984815597534,
        2.005556106567383,
        1.9427013397216797,
        2.037034034729004,
        1.9587771892547607,
        1.898409128189087,
        1.8103744983673096,
        1.9373481273651123,
        1.985206961631775,
        1.88034987449646,
        1.936731219291687,
        1.7269043922424316,
        1.8895490169525146,
        1.731481671333313,
        1.8739144802093506,
        1.8043246269226074,
        1.77614426612854,
        1.7671717405319214,
        1.7109967470169067,
        1.8423186540603638,
        1.7101691961288452,
        1.8604404926300049,
        1.8955622911453247,
        1.8078014850616455,
        1.9568772315979004,
        1.7186933755874634,
        1.767585277557373,
        1.652518630027771,
        1.6933887004852295,
        1.7380826473236084,
        1.6774154901504517,
        1.7418910264968872,
        1.6680431365966797,
        1.5456756353378296
      ],
      [
        1.720600962638855,
        1.5874437093734741,
        1.4891200065612793,
        1.6286453008651733,
        1.5971342325210571,
        1.7181347608566284,
        1.6786470413208008,
        1.600661039352417,
        1.5114065408706665,
        1.6226720809936523,
        1.5995301008224487,
        1.5445537567138672,
        1.5190777778625488,
        1.613882064819336,
        1.5739647150039673,
        1.753645420074463,
        1.5036389827728271,
        1.53316330909729,
        1.5697609186172485,
        1.6085574626922607,
        1.6130341291427612,
        1.6246329545974731,
        1.4359288215637207,
        1.5573928356170654,
        1.650935173034668,
        1.486460566520691,
        1.5752688646316528,
        1.3632352352142334,
        1.4974602460861206,
        1.3156113624572754,
        1.5701961517333984,
        1.5321223735809326,
        1.512555480003357,
        1.5285736322402954,
        1.3042415380477905,
        1.655649185180664,
        1.35007643699646,
        1.6248821020126343,
        1.6437445878982544,
        1.6132965087890625,
        1.8222253322601318,
        1.5121787786483765,
        1.603573203086853,
        1.3416056632995605,
        1.5080111026763916,
        1.5705748796463013,
        1.4219597578048706,
        1.621479868888855,
        1.4860248565673828,
        1.3645321130752563
      ],
      [
        1.4310914278030396,
        1.4092427492141724,
        1.3489937782287598,
        1.4657227993011475,
        1.3893579244613647,
        1.5074081420898438,
        1.4951622486114502,
        1.4372762441635132,
        1.300711989402771,
        1.367438554763794,
        1.4418381452560425,
        1.2781957387924194,
        1.3189257383346558,
        1.3617528676986694,
        1.2237111330032349,
        1.565650463104248,
        1.3119189739227295,
        1.3068636655807495,
        1.3219826221466064,
        1.4384876489639282,
        1.338129997253418,
        1.4190738201141357,
        1.307007074356079,
        1.3905600309371948,
        1.498932957649231,
        1.347917914390564,
        1.4649301767349243,
        1.2466821670532227,
        1.356166124343872,
        1.266654372215271,
        1.3785067796707153,
        1.3488540649414062,
        1.3835341930389404,
        1.277833104133606,
        1.1747313737869263,
        1.4021971225738525,
        1.2824664115905762,
        1.5129170417785645,
        1.5084477663040161,
        1.4602019786834717,
        1.499101161956787,
        1.34517240524292,
        1.3779127597808838,
        1.2607508897781372,
        1.3472400903701782,
        1.3339297771453857,
        1.2673391103744507,
        1.4996252059936523,
        1.2761117219924927,
        1.121271014213562
      ]
    ],
    "train_acc": [
      29.359375,
      43.953125,
      50.96875
    ],