{
  "config": {
    "run_name": "exp1_1",
    "out_dir": "./results",
    "seed": 1937710155,
    "device": null,
    "bs_train": 128,
    "bs_test": 32,
    "batches": 100,
    "epochs": 100,
    "early_stopping": 3,
    "checkpoints": null,
    "lr": 0.001,
    "reg": 0.001,
    "filters_per_layer": [
      32
    ],
    "pool_every": 4,
    "hidden_dims": [
      8192,
      32768,
      1024
    ],
    "model_type": "resnet",
    "conv_params": {
      "kernel_size": 3,
      "stride": [
        1,
        1
      ],
      "padding": 1
    },
    "activation_type": "relu",
    "activation_params": {},
    "pooling_type": "avg",
    "pooling_params": {
      "kernel_size": 2
    },
    "batchnorm": true,
    "dropout": 0.1,
    "kw": {},
    "layers_per_block": 4
  },
  "results": {
    "num_epochs": 3,
    "train_loss": [
      [
        2.2987935543060303,
        34.71230697631836,
        7.439963340759277,
        4.037799835205078,
        2.7002909183502197,
        2.3908257484436035,
        2.4606714248657227,
        2.3288941383361816,
        2.31992244720459,
        2.288708448410034,
        2.297185182571411,
        2.284237861633301,
        2.302401542663574,
        2.271559000015259,
        2.303316354751587,
        2.278151035308838,
        2.283134937286377,
        2.2864646911621094,
        2.2440526485443115,
        2.2420167922973633,
        2.2202584743499756,
        2.2062442302703857,
        2.23626446723938,
        2.2527568340301514,
        2.184274196624756,
        2.14717698097229,
        2.157132148742676,
        2.085151195526123,
        2.052565097808838,
        2.1541898250579834,
        2.2196295261383057,
        2.0996758937835693,
        2.050098180770874,
        1.972460389137268,
        2.061753273010254,
        2.0653913021087646,
        1.993039608001709,
        2.04626202583313,
        1.9244613647460938,
        2.020313262939453,
        2.0710840225219727,
        1.9469696283340454,
        1.936997652053833,
        1.9566537141799927,
        1.8577117919921875,
        1.8525632619857788,
        1.7406163215637207,
        1.7981101274490356,
        1.7751365900039673,
        1.794519066810608,
        1.7402467727661133,
        1.8985614776611328,
        1.941393256187439,
        2.08073353767395,
        1.8367247581481934,
        1.7890957593917847,
        1.7723150253295898,
        1.81368887424469,
        1.8471229076385498,
        1.8690602779388428,
        1.775660514831543,
        1.8133316040039062,
        1.8025281429290771,
        1.7084137201309204,
        1.6455514430999756,
        1.74557363986969,
        1.7628304958343506,
        1.769712209701538,
        1.994218349456787,
        1.776197075843811,
        1.985761284828186,
        1.6913204193115234,
        1.7184677124023438,
        1.7565672397613525,
        1.799120545387268,
        1.8219261169433594,
        1.779172420501709,
        1.7474346160888672,
        1.709343433380127,
        1.8658339977264404,
        1.6706076860427856,
        1.820157766342163,
        1.7652225494384766,
        1.6346980333328247,
        1.5988527536392212,
        1.6802613735198975,
        1.7326198816299438,
        1.5503093004226685,
        1.5934553146362305,
        1.7564822435379028,
        1.596091866493225,
        1.5145426988601685,
        1.7673100233078003,
        1.7874706983566284,
        1.6687078475952148,
        1.5603307485580444,
        1.8293262720108032,
        1.727827548980713,
        1.7390183210372925,
        1.693834662437439
      ],
      [
        1.5448421239852905,
        1.6281442642211914,
        1.6540148258209229,
        1.66493821144104,
        1.623519778251648,
        1.689344048500061,
        1.680197834968567,
        1.6173512935638428,
        1.4395769834518433,
        1.590014100074768,
        1.7374939918518066,
        1.6751108169555664,
        1.5069196224212646,
        1.575756311416626,
        1.5172823667526245,
        1.7754923105239868,
        1.5394980907440186,
        1.5859475135803223,
        1.5866750478744507,
        1.5186922550201416,
        1.599289059638977,
        1.6952234506607056,
        1.5294309854507446,
        1.5622304677963257,
        1.7392972707748413,
        1.5969334840774536,
        1.6708956956863403,
        1.4490406513214111,
        1.5203615427017212,
        1.5760352611541748,
        1.5882792472839355,
        1.6360782384872437,
        1.6346486806869507,
        1.6229103803634644,
        1.4471774101257324,
        1.5673496723175049,
        1.4020915031433105,
        1.714176893234253,
        1.7059288024902344,
        1.735125184059143,
        1.7501424551010132,
        1.6686408519744873,
        1.5113646984100342,
        1.5043067932128906,
        1.5670478343963623,
        1.489625096321106,
        1.4473124742507935,
        1.6521683931350708,
        1.5432389974594116,
        1.4590846300125122,
        1.5322784185409546,
        1.5551321506500244,
        1.5053675174713135,
        1.6281075477600098,
        1.553688883781433,
        1.5391706228256226,
        1.473743200302124,
        1.58940851688385,
        1.4965425729751587,
        1.6706352233886719,
        1.590226173400879,
        1.6143280267715454,
        1.5286808013916016,
        1.4778034687042236,
        1.4301155805587769,
        1.5391689538955688,
        1.4964280128479004,
        1.5173382759094238,
        1.5667486190795898,
        1.4293773174285889,
        1.5951213836669922,
        1.5282061100006104,
        1.493218183517456,
        1.4712779521942139,
        1.4893710613250732,
        1.554883599281311,
        1.5711079835891724,
        1.460532307624817,
        1.3974523544311523,
        1.5901421308517456,
        1.4599641561508179,
        1.6302504539489746,
        1.5417187213897705,
        1.351958990097046,
        1.3196423053741455,
        1.513784646987915,
        1.5820146799087524,
        1.3407570123672485,
        1.4782390594482422,
        1.5474560260772705,
        1.3720101118087769,
        1.2737544775009155,
        1.5846976041793823,
        1.4973543882369995,
        1.4679404497146606,
        1.3731482028961182,
        1.5199779272079468,
        1.5032439231872559,
        1.549019455909729,
        1.4725291728973389
      ],
      [
        1.4248162508010864,
        1.4071102142333984,
        1.4139487743377686,
        1.474831223487854,
        1.463486909866333,
        1.5273770093917847,
        1.5392323732376099,
        1.4421333074569702,
        1.2737810611724854,
        1.4026412963867188,
        1.4834656715393066,
        1.4418330192565918,
        1.33424973487854,
        1.4508519172668457,
        1.25821852684021,
        1.594732642173767,
        1.3318294286727905,
        1.481754183769226,
        1.47299063205719,
        1.2627639770507812,
        1.2889941930770874,
        1.5826901197433472,
        1.3823469877243042,
        1.535068392753601,
        1.5910216569900513,
        1.4150210618972778,
        1.5346488952636719,
        1.3660026788711548,
        1.3354275226593018,
        1.2951881885528564,
        1.4430736303329468,
        1.4661638736724854,
        1.4980602264404297,
        1.4369902610778809,
        1.3616942167282104,
        1.3871655464172363,
        1.3040542602539062,
        1.585212230682373,
        1.5506476163864136,
        1.5750659704208374,
        1.5180426836013794,
        1.4937382936477661,
        1.3924537897109985,
        1.3665951490402222,
        1.436621904373169,
        1.366802453994751,
        1.29091477394104,
        1.4983171224594116,
        1.3981735706329346,
        1.2845852375030518,
        1.323917031288147,
        1.4924575090408325,
        1.3601771593093872,
        1.4748790264129639,
        1.4021888971328735,
        1.3670933246612549,
        1.3608449697494507,
