{
  "config": {
    "run_name": "exp1_1",
    "out_dir": "./results",
    "seed": 1091864902,
    "device": null,
    "bs_train": 128,
    "bs_test": 32,
    "batches": 50,
    "epochs": 100,
    "early_stopping": 3,
    "checkpoints": null,
    "lr": 0.001,
    "reg": 0.001,
    "filters_per_layer": [
      64
    ],
    "pool_every": 4,
    "hidden_dims": [
      4096,
      100
    ],
    "model_type": "cnn",
    "conv_params": {
      "kernel_size": 3,
      "stride": [
        1,
        1
      ],
      "padding": [
        1,
        1
      ]
    },
    "activation_type": "relu",
    "activation_params": {},
    "pooling_type": "avg",
    "pooling_params": {
      "kernel_size": 2
    },
    "batchnorm": true,
    "dropout": 0.1,
    "kw": {},
    "layers_per_block": 2
  },
  "results": {
    "num_epochs": 3,
    "train_loss": [
      [
        2.31408429145813,
        2.3458704948425293,
        2.3045575618743896,
        2.295513391494751,
        2.268143892288208,
        2.262223482131958,
        2.294867515563965,
        2.2635786533355713,
        2.262320041656494,
        2.2123830318450928,
        2.2114336490631104,
        2.204211950302124,
        2.2265379428863525,
        2.1796703338623047,
        2.221252918243408,
        2.1988532543182373,
        2.1704466342926025,
        2.177793025970459,
        2.1196274757385254,
        2.1138598918914795,
        2.124267339706421,
        2.074047565460205,
        2.0713024139404297,
        2.115381956100464,
        2.147505760192871,
        2.004072427749634,
        2.0781972408294678,
        2.025827169418335,
        2.0301811695098877,
        1.9628008604049683,
        2.028679370880127,
        2.055022954940796,
        1.9755287170410156,
        2.0343754291534424,
        2.0170392990112305,
        1.989251971244812,
        1.9810940027236938,
        1.9416695833206177,
        1.9702732563018799,
        2.0494539737701416,
        2.0776069164276123,
        1.938639760017395,
        1.9569752216339111,
        1.9466590881347656,
        1.9503320455551147,
        1.941515326499939,
        1.8713233470916748,
        1.9395420551300049,
        1.9424911737442017,
        1.9605963230133057
      ],
      [
        1.9794530868530273,
        1.8688621520996094,
        1.8327747583389282,
        1.9113479852676392,
        1.9084798097610474,
        1.947625756263733,
        2.075279474258423,
        1.8306044340133667,
        1.868548035621643,
        1.8810805082321167,
        1.8696551322937012,
        1.8245561122894287,
        1.8578842878341675,
        1.899198293685913,
        1.9340131282806396,
        2.0612757205963135,
        1.8544918298721313,
        1.897200107574463,
        1.822940468788147,
        1.895561695098877,
        1.9225852489471436,
        1.85055410861969,
        1.7863713502883911,
        1.9106497764587402,
        1.9646825790405273,
        1.7995021343231201,
        1.8693922758102417,
        1.802304744720459,
        1.8928104639053345,
        1.7211967706680298,
        1.9123101234436035,
        1.870688796043396,
        1.808416485786438,
        1.9021276235580444,
        1.8556430339813232,
        1.8628367185592651,
        1.7686654329299927,
        1.7879819869995117,
        1.8665913343429565,
        1.9804024696350098,
        2.088064193725586,
        1.743640661239624,
        1.869516372680664,
        1.8247997760772705,
        1.821197271347046,
        1.7842366695404053,
        1.761414885520935,
        1.8315339088439941,
        1.7648391723632812,
        1.7811334133148193
      ],
      [
        1.8576267957687378,
        1.80070161819458,
        1.7160351276397705,
        1.8453291654586792,
        1.785336971282959,
        1.8042083978652954,
        1.9145452976226807,
        1.695111870765686,
        1.7537492513656616,
        1.7708820104599,
        1.7359577417373657,
        1.744217038154602,
        1.7209393978118896,
        1.81551194190979,
        1.75679612159729,
        1.9846034049987793,
        1.730944037437439,
        1.8042192459106445,
        1.7092621326446533,
        1.8183255195617676,
        1.833996295928955,
        1.7686278820037842,
        1.668419599533081,
        1.8311909437179565,
        1.9120179414749146,
        1.7006901502609253,
        1.8117262125015259,
        1.6981817483901978,
        1.8166612386703491,
        1.6133112907409668,
        1.8477786779403687,
        1.7821170091629028,
        1.7170498371124268,
        1.8222235441207886,
        1.7770920991897583,
        1.7728562355041504,
        1.6992568969726562,
        1.7439813613891602,
        1.8378652334213257,
        1.936020851135254,
        2.0368754863739014,
        1.6739015579223633,
        1.7967021465301514,
        1.7285012006759644,
        1.7435173988342285,
        1.7153360843658447,
        1.6943717002868652,
        1.7688190937042236,
        1.6809325218200684,
        1.6900346279144287
      ]
    ],
    "train_acc": [
      24.28125,
      33.75,
      37.796875
    ],