{
  "config": {
    "run_name": "exp1_1",
    "out_dir": "./results",
    "seed": 1148200843,
    "device": null,
    "bs_train": 128,
    "bs_test": 32,
    "batches": 50,
    "epochs": 100,
    "early_stopping": 3,
    "checkpoints": null,
    "lr": 0.001,
    "reg": 0.001,
    "filters_per_layer": [
      64
    ],
    "pool_every": 4,
    "hidden_dims": [
      4096,
      100
    ],
    "model_type": "resnet",
    "conv_params": {
      "kernel_size": 3,
      "stride": [
        1,
        1
      ],
      "padding": 1
    },
    "activation_type": "relu",
    "activation_params": {},
    "pooling_type": "avg",
    "pooling_params": {
      "kernel_size": 2
    },
    "batchnorm": true,
    "dropout": 0.1,
    "kw": {},
    "layers_per_block": 8
  },
  "results": {
    "num_epochs": 5,
    "train_loss": [
      [
        2.3128066062927246,
        2.4792425632476807,
        2.3145010471343994,
        2.29453444480896,
        2.265738010406494,
        2.2706708908081055,
        2.2791812419891357,
        2.270698070526123,
        2.2037429809570312,
        2.15385365486145,
        2.104118824005127,
        2.1272525787353516,
        2.155203342437744,
        2.1316776275634766,
        2.2301573753356934,
        2.2680487632751465,
        2.1157853603363037,
        2.1034533977508545,
        2.0319714546203613,
        2.0174384117126465,
        2.003200054168701,
        1.9177098274230957,
        1.9064171314239502,
        1.9620755910873413,
        1.9922401905059814,
        1.8994219303131104,
        2.012798547744751,
        1.743528127670288,
        1.8314913511276245,
        1.7337764501571655,
        1.9938191175460815,
        1.8411815166473389,
        1.8108993768692017,
        1.749289870262146,
        1.7641353607177734,
        1.880984902381897,
        1.664262294769287,
        1.9414618015289307,
        1.896701455116272,
        1.8530988693237305,
        1.9537972211837769,
        1.7399049997329712,
        1.7873536348342896,
        1.6686139106750488,
        1.7431509494781494,
        1.8013691902160645,
        1.6848468780517578,
        1.7562317848205566,
        1.636115312576294,
        1.5938291549682617
      ],
      [
        1.7285170555114746,
        1.6993956565856934,
        1.5676926374435425,
        1.7313915491104126,
        1.7220187187194824,
        1.8139840364456177,
        1.7598493099212646,
        1.6857638359069824,
        1.6135773658752441,
        1.6624239683151245,
        1.6667985916137695,
        1.6475712060928345,
        1.5983891487121582,
        1.6624832153320312,
        1.6120754480361938,
        1.8481674194335938,
        1.6306191682815552,
        1.6513938903808594,
        1.6403127908706665,
        1.5666548013687134,
        1.659119963645935,
        1.619686484336853,
        1.5003244876861572,
        1.6521012783050537,
        1.8133654594421387,
        1.4839609861373901,
        1.6288200616836548,
        1.4625333547592163,
        1.534030556678772,
        1.5666860342025757,
        1.648535966873169,
        1.6427308320999146,
        1.542815923690796,
        1.5029875040054321,
        1.4419976472854614,
        1.653917670249939,
        1.5308587551116943,
        1.6206914186477661,
        1.7495512962341309,
        1.6642448902130127,
        1.716120719909668,
        1.5467197895050049,
        1.5549813508987427,
        1.3939424753189087,
        1.535844326019287,
        1.6252779960632324,
        1.4801747798919678,
        1.6394098997116089,
        1.4453953504562378,
        1.3583537340164185
      ],
      [
        1.5878797769546509,
        1.5219072103500366,
        1.4102346897125244,
        1.466261625289917,
        1.4851115942001343,
        1.6182492971420288,
        1.6564239263534546,
        1.3924531936645508,
        1.3625028133392334,
        1.439749836921692,
        1.5415818691253662,
        1.5061516761779785,
        1.4621187448501587,
        1.4870549440383911,
        1.312402367591858,
        1.6733877658843994,
        1.397430181503296,
        1.5424587726593018,
        1.544859766960144,
        1.456520438194275,
        1.476867914199829,
        1.5132378339767456,
        1.3559404611587524,
        1.4962189197540283,
        1.7043267488479614,
        1.3775160312652588,
        1.610602617263794,
        1.3099772930145264,
        1.4168373346328735,
        1.37972092628479,
        1.4244431257247925,
        1.4328722953796387,
        1.4734796285629272,
        1.3775161504745483,
        1.2319897413253784,
        1.5149972438812256,
        1.292766809463501,
        1.5236732959747314,
        1.6305276155471802,
        1.5399649143218994,
        1.581678867340088,
        1.4303237199783325,
        1.4102375507354736,
        1.2276952266693115,
        1.4050374031066895,
        1.5173131227493286,
        1.3447679281234741,
        1.5434712171554565,
        1.2811646461486816,
        1.2363810539245605
      ],
      [
        1.473710298538208,
        1.329766035079956,
        1.3615847826004028,
        1.305022954940796,
        1.379075050354004,
        1.5597938299179077,
        1.4644238948822021,
        1.4003535509109497,
        1.2649188041687012,
        1.33400559425354,
        1.4757118225097656,
        1.3437106609344482,
        1.3753831386566162,
        1.3634088039398193,
        1.2340601682662964,
        1.5390448570251465,
        1.2471396923065186,
        1.426227331161499,
        1.4780033826828003,
        1.3750784397125244,
        1.3420753479003906,
        1.389543890953064,
        1.2857531309127808,
        1.369869589805603,
        1.4731978178024292,
        1.2653756141662598,
        1.4967424869537354,
        1.2682791948318481,
        1.2453858852386475,
        1.220624327659607,
        1.3386235237121582,
        1.3710449934005737,
        1.290292739868164,
        1.2693146467208862,
        1.1407108306884766,
        1.3753870725631714,
        1.1852461099624634,
        1.4444973468780518,
        1.533432960510254,
        1.4471685886383057,
        1.5285849571228027,
        1.4492779970169067,
        1.2965879440307617,
        1.1402604579925537,
        1.275596022605896,
        1.3342111110687256,
        1.2788044214248657,
        1.4122620820999146,
        1.1891895532608032,
        1.1630021333694458
      ],
      [
        1.356872320175171,
        1.19038724899292,
        1.2496311664581299,
        1.2235163450241089,
        1.247705101966858,
        1.4278103113174438,
        1.3678606748580933,
        1.2106802463531494,
        1.0766799449920654,
        1.2200369834899902,
        1.2491035461425781,
        1.1932294368743896,
        1.2847412824630737,
        1.19443678855896,
        1.0996750593185425,
        1.5397539138793945,
        1.0893380641937256,
        1.2494832277297974,
        1.3106136322021484,
        1.2381592988967896,
        1.2291321754455566,
        1.3942629098892212,
        1.121598482131958,
        1.2368104457855225,
        1.2795947790145874,
        1.1792670488357544,
        1.3312206268310547,
        1.1587847471237183,
        1.2275493144989014,
        1.0588476657867432,
        1.1792796850204468,
        1.2263447046279907,
        1.1982042789459229,
        1.1511273384094238,
        1.0149403810501099,
        1.2902181148529053,
        1.1638940572738647,
        1.3367444276809692,
        1.346479892730713,
        1.299866795539856,
        1.3470410108566284,
        1.3419760465621948,
        1.2638460397720337,
        1.0831658840179443,
        1.115116000175476,
        1.207813024520874,
        1.177704095840454,
        1.3106788396835327,
        1.134713888168335,
        1.0975066423416138
      ]
    ],
    "train_acc": [
      27.375,
      41.328125,
      47.890625,
      51.765625,
      55.46875
    ],